O_1s_(2)_BE	O_1s_(2)_cps	O_1s_BE	O_1s_cps	C_1s_BE	C_1s_cps	N_1s_BE	N_1s_cps	Cl_2p_BE	Cl_2p_cps	Au_4f_BE	Au_4f_cps	Ba_3d_BE	Ba_3d_cps	overview_BE	overview_cps	
536.0	7014.125	560.0	7505.875	295.0	3992.0	405.0	7062.2656	204.0	3987.625	95.0	4545.0	784.0	8632.25	1200.0	12205
535.9	7028.0625	559.9	7507.875	294.9	3993.0625	404.9	7081.8594	203.9	3990.625	94.9	4497.5	783.9	8598.5	1199.0	12565
535.8	7027.9375	559.8	7482.5	294.8	4021.5	404.8	7057.1719	203.8	4016.75	94.8	4297.5	783.8	8588.375	1198.0	12305
535.7	7001.75	559.7	7518.75	294.7	3995.4375	404.7	7053.3281	203.7	3984.375	94.7	4466.25	783.7	8632.5	1197.0	11795
535.6	7006.8125	559.6	7508.75	294.6	3988.5625	404.6	7051.2188	203.6	4030.375	94.6	4462.5	783.6	8630.125	1196.0	12020
535.5	6997.375	559.5	7538.0	294.5	3989.25	404.5	7069.6563	203.5	3995.5	94.5	4393.75	783.5	8623.625	1195.0	11860
535.4	6988.2188	559.4	7477.125	294.4	3996.1875	404.4	7070.3906	203.4	4030.875	94.4	4435.0	783.4	8619.0	1194.0	11885
535.3	6998.3438	559.3	7463.625	294.3	4003.625	404.3	7034.75	203.3	3996.25	94.3	4462.5	783.3	8561.75	1193.0	11365
535.2	7000.0	559.2	7542.375	294.2	3966.375	404.2	7015.0781	203.2	4013.5	94.2	4448.75	783.2	8630.5	1192.0	11520
535.1	7036.7813	559.1	7490.25	294.1	4018.25	404.1	7059.9688	203.1	3976.0	94.1	4520.0	783.1	8557.625	1191.0	11900
535.0	7022.5	559.0	7474.875	294.0	4006.125	404.0	7084.8281	203.0	4003.0	94.0	4386.25	783.0	8643.625	1190.0	11620
534.9	7041.6563	558.9	7551.125	293.9	4015.3125	403.9	7080.7656	202.9	4025.125	93.9	4331.25	782.9	8584.875	1189.0	11630
534.8	7041.9688	558.8	7492.75	293.8	3990.875	403.8	7085.0313	202.8	3981.875	93.8	4461.25	782.8	8616.25	1188.0	11490
534.7	7094.5938	558.7	7517.0	293.7	4002.1875	403.7	7086.4375	202.7	4056.875	93.7	4462.5	782.7	8597.125	1187.0	11880
534.6	7070.4063	558.6	7519.25	293.6	4024.4375	403.6	7096.1719	202.6	4010.625	93.6	4480.0	782.6	8603.25	1186.0	11220
534.5	7100.625	558.5	7484.375	293.5	4023.5	403.5	7097.6563	202.5	4020.5	93.5	4457.5	782.5	8598.0	1185.0	11350
534.4	7104.9688	558.4	7506.125	293.4	4018.75	403.4	7087.625	202.4	4004.25	93.4	4551.25	782.4	8606.0	1184.0	11140
534.3	7130.7813	558.3	7556.625	293.3	3983.125	403.3	7101.2031	202.3	4003.75	93.3	4418.75	782.3	8581.875	1183.0	11345
534.2	7170.6875	558.2	7522.25	293.2	4009.625	403.2	7086.7188	202.2	3998.25	93.2	4570.0	782.2	8616.0	1182.0	11395
534.1	7180.9688	558.1	7562.625	293.1	4017.5	403.1	7097.5	202.1	4035.5	93.1	4490.0	782.1	8596.375	1181.0	11365
534.0	7197.8438	558.0	7509.25	293.0	4011.9375	403.0	7109.5625	202.0	4027.375	93.0	4397.5	782.0	8581.875	1180.0	11015
533.9	7210.6875	557.9	7525.5	292.9	4025.375	402.9	7119.2656	201.9	4048.0	92.9	4478.75	781.9	8578.25	1179.0	11225
533.8	7248.6875	557.8	7515.0	292.8	4005.3125	402.8	7100.4219	201.8	4034.0	92.8	4405.0	781.8	8606.125	1178.0	10940
533.7	7271.5	557.7	7532.0	292.7	4019.4375	402.7	7111.3594	201.7	4062.0	92.7	4398.75	781.7	8570.875	1177.0	10945
533.6	7301.5625	557.6	7513.125	292.6	4002.875	402.6	7116.5938	201.6	4027.25	92.6	4553.75	781.6	8643.125	1176.0	10840
533.5	7314.3438	557.5	7509.75	292.5	3997.875	402.5	7119.9844	201.5	4040.25	92.5	4603.75	781.5	8620.875	1175.0	10725
533.4	7307.9375	557.4	7523.0	292.4	3994.9375	402.4	7113.5313	201.4	4061.0	92.4	4582.5	781.4	8567.5	1174.0	10985
533.3	7331.5938	557.3	7562.375	292.3	4038.75	402.3	7113.9375	201.3	4062.5	92.3	4447.5	781.3	8596.75	1173.0	10920
533.2	7343.4063	557.2	7506.375	292.2	4025.5625	402.2	7127.5625	201.2	4048.125	92.2	4713.75	781.2	8666.0	1172.0	11085
533.1	7334.3438	557.1	7521.5	292.1	4007.5625	402.1	7137.5625	201.1	4017.5	92.1	4465.0	781.1	8638.0	1171.0	10875
533.0	7316.9688	557.0	7566.75	292.0	4026.125	402.0	7123.125	201.0	4017.625	92.0	4623.75	781.0	8620.25	1170.0	10605
532.9	7301.4688	556.9	7547.25	291.9	4035.875	401.9	7159.75	200.9	3998.125	91.9	4696.25	780.9	8636.75	1169.0	11070
532.8	7284.625	556.8	7514.875	291.8	4011.1875	401.8	7138.7031	200.8	4013.375	91.8	4615.0	780.8	8559.875	1168.0	10955
532.7	7232.6875	556.7	7602.625	291.7	4018.75	401.7	7151.3906	200.7	4057.75	91.7	4661.25	780.7	8601.375	1167.0	10520
532.6	7210.75	556.6	7573.625	291.6	4017.0	401.6	7154.0156	200.6	4033.375	91.6	4720.0	780.6	8635.875	1166.0	10780
532.5	7183.8125	556.5	7592.625	291.5	3960.3125	401.5	7152.8438	200.5	4055.875	91.5	4943.75	780.5	8579.125	1165.0	10760
532.4	7131.0625	556.4	7555.75	291.4	4028.75	401.4	7187.2969	200.4	4014.125	91.4	4821.25	780.4	8599.875	1164.0	10760
532.3	7067.5313	556.3	7549.625	291.3	4025.5	401.3	7178.9063	200.3	4056.0	91.3	4772.5	780.3	8560.125	1163.0	10610
532.2	7035.75	556.2	7543.875	291.2	4023.875	401.2	7171.9531	200.2	4052.0	91.2	4978.75	780.2	8529.25	1162.0	10410
532.1	6952.875	556.1	7525.375	291.1	4031.8125	401.1	7182.6875	200.1	3998.0	91.1	4866.25	780.1	8515.75	1161.0	10590
532.0	6970.4375	556.0	7532.0	291.0	3992.4375	401.0	7192.7656	200.0	4002.25	91.0	4882.5	780.0	8618.25	1160.0	10275
531.9	6916.4375	555.9	7532.375	290.9	4047.125	400.9	7196.8125	199.9	3996.75	90.9	4967.5	779.9	8583.375	1159.0	10160
531.8	6872.0313	555.8	7563.625	290.8	4030.6875	400.8	7178.75	199.8	4029.625	90.8	4968.75	779.8	8578.25	1158.0	10925
531.7	6849.0625	555.7	7533.125	290.7	4034.5	400.7	7186.2813	199.7	4048.25	90.7	5022.5	779.7	8549.25	1157.0	10450
531.6	6820.4375	555.6	7537.375	290.6	4029.0	400.6	7205.6719	199.6	4033.125	90.6	5133.75	779.6	8593.0	1156.0	10745
531.5	6789.0938	555.5	7612.5	290.5	4047.5	400.5	7224.5313	199.5	4035.375	90.5	5200.0	779.5	8572.625	1155.0	10405
531.4	6728.8125	555.4	7606.0	290.4	4053.5	400.4	7201.25	199.4	4051.25	90.4	5133.75	779.4	8569.75	1154.0	10020
531.3	6717.1563	555.3	7541.25	290.3	4046.8125	400.3	7210.7656	199.3	4008.5	90.3	5328.75	779.3	8537.625	1153.0	10670
531.2	6713.7188	555.2	7570.25	290.2	4067.4375	400.2	7181.4844	199.2	4017.375	90.2	5308.75	779.2	8576.75	1152.0	10625
531.1	6693.2813	555.1	7557.0	290.1	4081.0	400.1	7194.2344	199.1	4055.75	90.1	5415.0	779.1	8547.5	1151.0	10150
531.0	6673.7813	555.0	7581.875	290.0	4029.8125	400.0	7201.9219	199.0	4020.375	90.0	5486.25	779.0	8567.875	1150.0	10445
530.9	6670.0938	554.9	7571.5	289.9	4039.125	399.9	7219.7344	198.9	4085.875	89.9	5676.25	778.9	8565.875	1149.0	10200
530.8	6664.7188	554.8	7596.375	289.8	4063.9375	399.8	7218.0469	198.8	4062.25	89.8	6041.25	778.8	8569.875	1148.0	9765
530.7	6643.3125	554.7	7559.75	289.7	4072.625	399.7	7214.9375	198.7	3993.0	89.7	6132.5	778.7	8534.875	1147.0	10310
530.6	6631.0	554.6	7606.25	289.6	4060.875	399.6	7194.2969	198.6	4029.875	89.6	6427.5	778.6	8568.75	1146.0	10170
530.5	6637.1563	554.5	7620.125	289.5	4072.1875	399.5	7215.3438	198.5	4033.125	89.5	6771.25	778.5	8573.125	1145.0	10120
530.4	6620.4063	554.4	7587.375	289.4	4046.75	399.4	7213.9375	198.4	4029.75	89.4	7400.0	778.4	8604.875	1144.0	10010
530.3	6637.875	554.3	7600.375	289.3	4093.3125	399.3	7200.2969	198.3	4073.0	89.3	7758.75	778.3	8594.5	1143.0	10170
530.2	6633.5	554.2	7626.625	289.2	4070.125	399.2	7230.9063	198.2	4014.875	89.2	8307.5	778.2	8566.625	1142.0	10290
530.1	6631.6875	554.1	7629.0	289.1	4077.0	399.1	7217.1406	198.1	4060.5	89.1	8930.0	778.1	8555.5	1141.0	10240
530.0	6594.9688	554.0	7625.25	289.0	4043.625	399.0	7226.9688	198.0	4061.25	89.0	9848.75	778.0	8590.25	1140.0	10040
NaN	NaN	553.9	7639.625	288.9	4051.4375	398.9	7214.9063	197.9	4014.125	88.9	10535.0	777.9	8559.5	1139.0	10080
NaN	NaN	553.8	7673.875	288.8	4099.25	398.8	7203.3281	197.8	4074.75	88.8	11705.0	777.8	8568.875	1138.0	9625
NaN	NaN	553.7	7678.375	288.7	4072.375	398.7	7196.7969	197.7	4021.5	88.7	12435.0	777.7	8501.5	1137.0	9785
NaN	NaN	553.6	7636.375	288.6	4094.9375	398.6	7193.375	197.6	4036.875	88.6	13200.0	777.6	8507.0	1136.0	9860
NaN	NaN	553.5	7677.5	288.5	4119.875	398.5	7204.8125	197.5	4045.5	88.5	14458.75	777.5	8510.625	1135.0	9665
NaN	NaN	553.4	7693.25	288.4	4134.625	398.4	7207.6875	197.4	4018.25	88.4	15622.5	777.4	8539.125	1134.0	9500
NaN	NaN	553.3	7668.125	288.3	4121.375	398.3	7187.4688	197.3	4072.625	88.3	16372.5	777.3	8536.125	1133.0	10200
NaN	NaN	553.2	7647.875	288.2	4162.5	398.2	7185.9531	197.2	4062.625	88.2	17057.5	777.2	8498.0	1132.0	9525
NaN	NaN	553.1	7680.875	288.1	4165.1875	398.1	7176.7188	197.1	4019.25	88.1	17477.5	777.1	8470.625	1131.0	9795
NaN	NaN	553.0	7761.25	288.0	4174.75	398.0	7182.7813	197.0	4056.125	88.0	17885.0	777.0	8558.625	1130.0	9565
NaN	NaN	552.9	7691.75	287.9	4203.375	397.9	7198.6875	196.9	4052.5	87.9	18032.5	776.9	8607.875	1129.0	9680
NaN	NaN	552.8	7744.625	287.8	4218.9375	397.8	7185.4375	196.8	4041.5	87.8	17986.25	776.8	8530.375	1128.0	9935
NaN	NaN	552.7	7712.25	287.7	4213.0625	397.7	7164.5	196.7	4054.25	87.7	17618.75	776.7	8579.0	1127.0	10010
NaN	NaN	552.6	7763.625	287.6	4248.875	397.6	7184.0625	196.6	4019.75	87.6	16702.5	776.6	8546.875	1126.0	9705
NaN	NaN	552.5	7797.625	287.5	4287.8125	397.5	7167.3594	196.5	4049.125	87.5	15852.5	776.5	8534.0	1125.0	9635
NaN	NaN	552.4	7873.75	287.4	4292.5	397.4	7159.5156	196.4	4053.5	87.4	14848.75	776.4	8562.75	1124.0	9420
NaN	NaN	552.3	7733.5	287.3	4337.8125	397.3	7164.6406	196.3	4054.5	87.3	13797.5	776.3	8531.0	1123.0	9570
NaN	NaN	552.2	7844.25	287.2	4359.4375	397.2	7161.6875	196.2	4036.875	87.2	12588.75	776.2	8541.5	1122.0	9305
NaN	NaN	552.1	7858.25	287.1	4340.8125	397.1	7178.8438	196.1	4006.25	87.1	11716.25	776.1	8558.5	1121.0	9295
NaN	NaN	552.0	7898.625	287.0	4417.4375	397.0	7191.5469	196.0	4026.25	87.0	10610.0	776.0	8499.875	1120.0	9330
NaN	NaN	551.9	7855.25	286.9	4416.125	396.9	7163.75	195.9	4045.375	86.9	9451.25	NaN	NaN	1119.0	9420
NaN	NaN	551.8	7898.125	286.8	4443.8125	396.8	7167.2969	195.8	4051.875	86.8	8618.75	NaN	NaN	1118.0	9560
NaN	NaN	551.7	7939.625	286.7	4474.0	396.7	7181.5	195.7	4043.125	86.7	7950.0	NaN	NaN	1117.0	9490
NaN	NaN	551.6	7866.875	286.6	4439.6875	396.6	7114.6719	195.6	4051.625	86.6	7500.0	NaN	NaN	1116.0	9445
NaN	NaN	551.5	8030.75	286.5	4502.25	396.5	7164.7813	195.5	4078.375	86.5	7067.5	NaN	NaN	1115.0	9140
NaN	NaN	551.4	7966.875	286.4	4492.5625	396.4	7164.9063	195.4	4065.625	86.4	6690.0	NaN	NaN	1114.0	9385
NaN	NaN	551.3	8024.375	286.3	4557.75	396.3	7146.1563	195.3	4022.0	86.3	6432.5	NaN	NaN	1113.0	9220
NaN	NaN	551.2	8052.375	286.2	4541.0625	396.2	7172.8281	195.2	4085.125	86.2	6602.5	NaN	NaN	1112.0	9355
NaN	NaN	551.1	8026.5	286.1	4517.875	396.1	7171.2656	195.1	4047.625	86.1	6621.25	NaN	NaN	1111.0	9120
NaN	NaN	551.0	8079.875	286.0	4571.875	396.0	7182.2813	195.0	4073.25	86.0	6837.5	NaN	NaN	1110.0	9360
NaN	NaN	550.9	8040.875	285.9	4566.3125	395.9	7165.0469	NaN	NaN	85.9	7021.25	NaN	NaN	1109.0	9670
NaN	NaN	550.8	8103.375	285.8	4583.375	395.8	7178.9688	NaN	NaN	85.8	7345.0	NaN	NaN	1108.0	9290
NaN	NaN	550.7	8110.375	285.7	4619.5625	395.7	7161.4219	NaN	NaN	85.7	7851.25	NaN	NaN	1107.0	9330
NaN	NaN	550.6	8191.25	285.6	4592.625	395.6	7176.4219	NaN	NaN	85.6	8497.5	NaN	NaN	1106.0	9015
NaN	NaN	550.5	8174.75	285.5	4644.125	395.5	7194.4219	NaN	NaN	85.5	8973.75	NaN	NaN	1105.0	9030
NaN	NaN	550.4	8264.625	285.4	4635.375	395.4	7162.0938	NaN	NaN	85.4	9807.5	NaN	NaN	1104.0	8845
NaN	NaN	550.3	8266.5	285.3	4614.0	395.3	7174.1875	NaN	NaN	85.3	10867.5	NaN	NaN	1103.0	9070
NaN	NaN	550.2	8319.375	285.2	4668.625	395.2	7156.5469	NaN	NaN	85.2	12032.5	NaN	NaN	1102.0	9395
NaN	NaN	550.1	8350.875	285.1	4618.5	395.1	7167.7031	NaN	NaN	85.1	12916.25	NaN	NaN	1101.0	9105
NaN	NaN	550.0	8331.25	285.0	4618.0	395.0	7201.4531	NaN	NaN	85.0	14515.0	NaN	NaN	1100.0	9370
NaN	NaN	549.9	8434.0	284.9	4619.1875	NaN	NaN	NaN	NaN	84.9	15252.5	NaN	NaN	1099.0	8895
NaN	NaN	549.8	8469.75	284.8	4609.125	NaN	NaN	NaN	NaN	84.8	16937.5	NaN	NaN	1098.0	8895
NaN	NaN	549.7	8504.0	284.7	4590.9375	NaN	NaN	NaN	NaN	84.7	17847.5	NaN	NaN	1097.0	8965
NaN	NaN	549.6	8519.375	284.6	4566.1875	NaN	NaN	NaN	NaN	84.6	19020.0	NaN	NaN	1096.0	8755
NaN	NaN	549.5	8547.375	284.5	4562.6875	NaN	NaN	NaN	NaN	84.5	19868.75	NaN	NaN	1095.0	9280
NaN	NaN	549.4	8606.875	284.4	4487.9375	NaN	NaN	NaN	NaN	84.4	20635.0	NaN	NaN	1094.0	8475
NaN	NaN	549.3	8643.75	284.3	4496.1875	NaN	NaN	NaN	NaN	84.3	20903.75	NaN	NaN	1093.0	8495
NaN	NaN	549.2	8739.875	284.2	4439.6875	NaN	NaN	NaN	NaN	84.2	20735.0	NaN	NaN	1092.0	8870
NaN	NaN	549.1	8848.375	284.1	4413.5625	NaN	NaN	NaN	NaN	84.1	20573.75	NaN	NaN	1091.0	8630
NaN	NaN	549.0	8770.25	284.0	4400.5	NaN	NaN	NaN	NaN	84.0	19833.75	NaN	NaN	1090.0	9100
NaN	NaN	548.9	8813.125	283.9	4349.8125	NaN	NaN	NaN	NaN	83.9	18715.0	NaN	NaN	1089.0	8835
NaN	NaN	548.8	8933.0	283.8	4311.875	NaN	NaN	NaN	NaN	83.8	17562.5	NaN	NaN	1088.0	8440
NaN	NaN	548.7	8973.0	283.7	4245.375	NaN	NaN	NaN	NaN	83.7	16152.5	NaN	NaN	1087.0	8985
NaN	NaN	548.6	8974.0	283.6	4233.75	NaN	NaN	NaN	NaN	83.6	14585.0	NaN	NaN	1086.0	8800
NaN	NaN	548.5	9035.25	283.5	4207.5	NaN	NaN	NaN	NaN	83.5	12773.75	NaN	NaN	1085.0	8770
NaN	NaN	548.4	9130.0	283.4	4139.3125	NaN	NaN	NaN	NaN	83.4	11567.5	NaN	NaN	1084.0	8485
NaN	NaN	548.3	9169.0	283.3	4173.375	NaN	NaN	NaN	NaN	83.3	10116.25	NaN	NaN	1083.0	8620
NaN	NaN	548.2	9210.25	283.2	4122.5625	NaN	NaN	NaN	NaN	83.2	8865.0	NaN	NaN	1082.0	8200
NaN	NaN	548.1	9311.75	283.1	4087.1875	NaN	NaN	NaN	NaN	83.1	7718.75	NaN	NaN	1081.0	8640
NaN	NaN	548.0	9308.625	283.0	4129.875	NaN	NaN	NaN	NaN	83.0	6798.75	NaN	NaN	1080.0	8250
NaN	NaN	547.9	9381.25	282.9	4060.4375	NaN	NaN	NaN	NaN	82.9	5991.25	NaN	NaN	1079.0	8600
NaN	NaN	547.8	9413.0	282.8	4078.75	NaN	NaN	NaN	NaN	82.8	5373.75	NaN	NaN	1078.0	8435
NaN	NaN	547.7	9494.875	282.7	4017.9375	NaN	NaN	NaN	NaN	82.7	5051.25	NaN	NaN	1077.0	8545
NaN	NaN	547.6	9560.625	282.6	4047.125	NaN	NaN	NaN	NaN	82.6	4555.0	NaN	NaN	1076.0	7855
NaN	NaN	547.5	9538.875	282.5	4039.875	NaN	NaN	NaN	NaN	82.5	4196.25	NaN	NaN	1075.0	8895
NaN	NaN	547.4	9643.75	282.4	4040.8125	NaN	NaN	NaN	NaN	82.4	4046.25	NaN	NaN	1074.0	8420
NaN	NaN	547.3	9633.375	282.3	3993.9375	NaN	NaN	NaN	NaN	82.3	4030.0	NaN	NaN	1073.0	7875
NaN	NaN	547.2	9702.25	282.2	4008.3125	NaN	NaN	NaN	NaN	82.2	3670.0	NaN	NaN	1072.0	8520
NaN	NaN	547.1	9762.375	282.1	4041.0	NaN	NaN	NaN	NaN	82.1	3683.75	NaN	NaN	1071.0	8680
NaN	NaN	547.0	9715.875	282.0	4013.0625	NaN	NaN	NaN	NaN	82.0	3567.5	NaN	NaN	1070.0	8290
NaN	NaN	546.9	9746.0	281.9	4002.3125	NaN	NaN	NaN	NaN	81.9	3381.25	NaN	NaN	1069.0	8255
NaN	NaN	546.8	9754.5	281.8	4008.375	NaN	NaN	NaN	NaN	81.8	3341.25	NaN	NaN	1068.0	8265
NaN	NaN	546.7	9753.375	281.7	3975.125	NaN	NaN	NaN	NaN	81.7	3161.25	NaN	NaN	1067.0	7975
NaN	NaN	546.6	9731.125	281.6	4014.4375	NaN	NaN	NaN	NaN	81.6	3095.0	NaN	NaN	1066.0	8165
NaN	NaN	546.5	9684.375	281.5	4000.625	NaN	NaN	NaN	NaN	81.5	3031.25	NaN	NaN	1065.0	8375
NaN	NaN	546.4	9706.375	281.4	3957.375	NaN	NaN	NaN	NaN	81.4	3000.0	NaN	NaN	1064.0	8300
NaN	NaN	546.3	9670.5	281.3	4010.8125	NaN	NaN	NaN	NaN	81.3	3088.75	NaN	NaN	1063.0	8135
NaN	NaN	546.2	9667.625	281.2	4011.6875	NaN	NaN	NaN	NaN	81.2	2955.0	NaN	NaN	1062.0	8385
NaN	NaN	546.1	9691.25	281.1	3979.6875	NaN	NaN	NaN	NaN	81.1	2901.25	NaN	NaN	1061.0	7875
NaN	NaN	546.0	9652.125	281.0	4003.5	NaN	NaN	NaN	NaN	81.0	2775.0	NaN	NaN	1060.0	8090
NaN	NaN	545.9	9558.0	280.9	3975.3125	NaN	NaN	NaN	NaN	80.9	2887.5	NaN	NaN	1059.0	8290
NaN	NaN	545.8	9525.5	280.8	3986.4375	NaN	NaN	NaN	NaN	80.8	2851.25	NaN	NaN	1058.0	8270
NaN	NaN	545.7	9507.75	280.7	3955.625	NaN	NaN	NaN	NaN	80.7	2751.25	NaN	NaN	1057.0	8180
NaN	NaN	545.6	9422.875	280.6	3963.875	NaN	NaN	NaN	NaN	80.6	2823.75	NaN	NaN	1056.0	8285
NaN	NaN	545.5	9369.75	280.5	3987.1875	NaN	NaN	NaN	NaN	80.5	2796.25	NaN	NaN	1055.0	8350
NaN	NaN	545.4	9257.0	280.4	3969.625	NaN	NaN	NaN	NaN	80.4	2696.25	NaN	NaN	1054.0	8235
NaN	NaN	545.3	9221.875	280.3	3978.625	NaN	NaN	NaN	NaN	80.3	2797.5	NaN	NaN	1053.0	7830
NaN	NaN	545.2	9213.25	280.2	3960.875	NaN	NaN	NaN	NaN	80.2	2735.0	NaN	NaN	1052.0	8025
NaN	NaN	545.1	9086.5	280.1	3985.8125	NaN	NaN	NaN	NaN	80.1	2766.25	NaN	NaN	1051.0	8055
NaN	NaN	545.0	9038.0	280.0	3952.875	NaN	NaN	NaN	NaN	80.0	2753.75	NaN	NaN	1050.0	8030
NaN	NaN	544.9	8951.375	NaN	NaN	NaN	NaN	NaN	NaN	NaN	NaN	NaN	NaN	1049.0	8040
NaN	NaN	544.8	8887.375	NaN	NaN	NaN	NaN	NaN	NaN	NaN	NaN	NaN	NaN	1048.0	8050
NaN	NaN	544.7	8868.125	NaN	NaN	NaN	NaN	NaN	NaN	NaN	NaN	NaN	NaN	1047.0	8115
NaN	NaN	544.6	8806.75	NaN	NaN	NaN	NaN	NaN	NaN	NaN	NaN	NaN	NaN	1046.0	7740
NaN	NaN	544.5	8716.25	NaN	NaN	NaN	NaN	NaN	NaN	NaN	NaN	NaN	NaN	1045.0	7965
NaN	NaN	544.4	8673.5	NaN	NaN	NaN	NaN	NaN	NaN	NaN	NaN	NaN	NaN	1044.0	7900
NaN	NaN	544.3	8656.0	NaN	NaN	NaN	NaN	NaN	NaN	NaN	NaN	NaN	NaN	1043.0	8210
NaN	NaN	544.2	8508.75	NaN	NaN	NaN	NaN	NaN	NaN	NaN	NaN	NaN	NaN	1042.0	8025
NaN	NaN	544.1	8467.125	NaN	NaN	NaN	NaN	NaN	NaN	NaN	NaN	NaN	NaN	1041.0	7960
NaN	NaN	544.0	8442.625	NaN	NaN	NaN	NaN	NaN	NaN	NaN	NaN	NaN	NaN	1040.0	7960
NaN	NaN	543.9	8364.125	NaN	NaN	NaN	NaN	NaN	NaN	NaN	NaN	NaN	NaN	1039.0	7865
NaN	NaN	543.8	8294.625	NaN	NaN	NaN	NaN	NaN	NaN	NaN	NaN	NaN	NaN	1038.0	7920
NaN	NaN	543.7	8250.75	NaN	NaN	NaN	NaN	NaN	NaN	NaN	NaN	NaN	NaN	1037.0	8100
NaN	NaN	543.6	8194.0	NaN	NaN	NaN	NaN	NaN	NaN	NaN	NaN	NaN	NaN	1036.0	7315
NaN	NaN	543.5	8126.25	NaN	NaN	NaN	NaN	NaN	NaN	NaN	NaN	NaN	NaN	1035.0	7865
NaN	NaN	543.4	8098.875	NaN	NaN	NaN	NaN	NaN	NaN	NaN	NaN	NaN	NaN	1034.0	8160
NaN	NaN	543.3	8045.875	NaN	NaN	NaN	NaN	NaN	NaN	NaN	NaN	NaN	NaN	1033.0	7670
NaN	NaN	543.2	8073.625	NaN	NaN	NaN	NaN	NaN	NaN	NaN	NaN	NaN	NaN	1032.0	8130
NaN	NaN	543.1	8030.25	NaN	NaN	NaN	NaN	NaN	NaN	NaN	NaN	NaN	NaN	1031.0	7655
NaN	NaN	543.0	7955.375	NaN	NaN	NaN	NaN	NaN	NaN	NaN	NaN	NaN	NaN	1030.0	7785
NaN	NaN	542.9	7865.75	NaN	NaN	NaN	NaN	NaN	NaN	NaN	NaN	NaN	NaN	1029.0	7425
NaN	NaN	542.8	7859.875	NaN	NaN	NaN	NaN	NaN	NaN	NaN	NaN	NaN	NaN	1028.0	7590
NaN	NaN	542.7	7794.625	NaN	NaN	NaN	NaN	NaN	NaN	NaN	NaN	NaN	NaN	1027.0	7345
NaN	NaN	542.6	7787.25	NaN	NaN	NaN	NaN	NaN	NaN	NaN	NaN	NaN	NaN	1026.0	7520
NaN	NaN	542.5	7763.5	NaN	NaN	NaN	NaN	NaN	NaN	NaN	NaN	NaN	NaN	1025.0	7470
NaN	NaN	542.4	7725.5	NaN	NaN	NaN	NaN	NaN	NaN	NaN	NaN	NaN	NaN	1024.0	7715
NaN	NaN	542.3	7681.125	NaN	NaN	NaN	NaN	NaN	NaN	NaN	NaN	NaN	NaN	1023.0	7495
NaN	NaN	542.2	7687.5	NaN	NaN	NaN	NaN	NaN	NaN	NaN	NaN	NaN	NaN	1022.0	7650
NaN	NaN	542.1	7582.0	NaN	NaN	NaN	NaN	NaN	NaN	NaN	NaN	NaN	NaN	1021.0	7510
NaN	NaN	542.0	7595.75	NaN	NaN	NaN	NaN	NaN	NaN	NaN	NaN	NaN	NaN	1020.0	7530
NaN	NaN	541.9	7557.125	NaN	NaN	NaN	NaN	NaN	NaN	NaN	NaN	NaN	NaN	1019.0	7520
NaN	NaN	541.8	7501.5	NaN	NaN	NaN	NaN	NaN	NaN	NaN	NaN	NaN	NaN	1018.0	7675
NaN	NaN	541.7	7504.25	NaN	NaN	NaN	NaN	NaN	NaN	NaN	NaN	NaN	NaN	1017.0	7570
NaN	NaN	541.6	7473.75	NaN	NaN	NaN	NaN	NaN	NaN	NaN	NaN	NaN	NaN	1016.0	7545
NaN	NaN	541.5	7444.0	NaN	NaN	NaN	NaN	NaN	NaN	NaN	NaN	NaN	NaN	1015.0	7375
NaN	NaN	541.4	7445.375	NaN	NaN	NaN	NaN	NaN	NaN	NaN	NaN	NaN	NaN	1014.0	7280
NaN	NaN	541.3	7412.75	NaN	NaN	NaN	NaN	NaN	NaN	NaN	NaN	NaN	NaN	1013.0	7375
NaN	NaN	541.2	7386.75	NaN	NaN	NaN	NaN	NaN	NaN	NaN	NaN	NaN	NaN	1012.0	7260
NaN	NaN	541.1	7380.5	NaN	NaN	NaN	NaN	NaN	NaN	NaN	NaN	NaN	NaN	1011.0	7410
NaN	NaN	541.0	7360.5	NaN	NaN	NaN	NaN	NaN	NaN	NaN	NaN	NaN	NaN	1010.0	7540
NaN	NaN	540.9	7319.375	NaN	NaN	NaN	NaN	NaN	NaN	NaN	NaN	NaN	NaN	1009.0	7320
NaN	NaN	540.8	7293.125	NaN	NaN	NaN	NaN	NaN	NaN	NaN	NaN	NaN	NaN	1008.0	7300
NaN	NaN	540.7	7289.5	NaN	NaN	NaN	NaN	NaN	NaN	NaN	NaN	NaN	NaN	1007.0	7265
NaN	NaN	540.6	7224.625	NaN	NaN	NaN	NaN	NaN	NaN	NaN	NaN	NaN	NaN	1006.0	6985
NaN	NaN	540.5	7216.375	NaN	NaN	NaN	NaN	NaN	NaN	NaN	NaN	NaN	NaN	1005.0	7620
NaN	NaN	540.4	7216.875	NaN	NaN	NaN	NaN	NaN	NaN	NaN	NaN	NaN	NaN	1004.0	7420
NaN	NaN	540.3	7207.875	NaN	NaN	NaN	NaN	NaN	NaN	NaN	NaN	NaN	NaN	1003.0	7190
NaN	NaN	540.2	7254.75	NaN	NaN	NaN	NaN	NaN	NaN	NaN	NaN	NaN	NaN	1002.0	7675
NaN	NaN	540.1	7168.625	NaN	NaN	NaN	NaN	NaN	NaN	NaN	NaN	NaN	NaN	1001.0	7310
NaN	NaN	540.0	7146.875	NaN	NaN	NaN	NaN	NaN	NaN	NaN	NaN	NaN	NaN	1000.0	7475
NaN	NaN	539.9	7219.75	NaN	NaN	NaN	NaN	NaN	NaN	NaN	NaN	NaN	NaN	999.0	7565
NaN	NaN	539.8	7170.75	NaN	NaN	NaN	NaN	NaN	NaN	NaN	NaN	NaN	NaN	998.0	7660
NaN	NaN	539.7	7197.375	NaN	NaN	NaN	NaN	NaN	NaN	NaN	NaN	NaN	NaN	997.0	7590
NaN	NaN	539.6	7103.75	NaN	NaN	NaN	NaN	NaN	NaN	NaN	NaN	NaN	NaN	996.0	7385
NaN	NaN	539.5	7145.125	NaN	NaN	NaN	NaN	NaN	NaN	NaN	NaN	NaN	NaN	995.0	7310
NaN	NaN	539.4	7123.25	NaN	NaN	NaN	NaN	NaN	NaN	NaN	NaN	NaN	NaN	994.0	7260
NaN	NaN	539.3	7112.125	NaN	NaN	NaN	NaN	NaN	NaN	NaN	NaN	NaN	NaN	993.0	7300
NaN	NaN	539.2	7153.75	NaN	NaN	NaN	NaN	NaN	NaN	NaN	NaN	NaN	NaN	992.0	7570
NaN	NaN	539.1	7111.875	NaN	NaN	NaN	NaN	NaN	NaN	NaN	NaN	NaN	NaN	991.0	7380
NaN	NaN	539.0	7082.0	NaN	NaN	NaN	NaN	NaN	NaN	NaN	NaN	NaN	NaN	990.0	7530
NaN	NaN	538.9	7079.375	NaN	NaN	NaN	NaN	NaN	NaN	NaN	NaN	NaN	NaN	989.0	7300
NaN	NaN	538.8	7109.75	NaN	NaN	NaN	NaN	NaN	NaN	NaN	NaN	NaN	NaN	988.0	7275
NaN	NaN	538.7	7062.75	NaN	NaN	NaN	NaN	NaN	NaN	NaN	NaN	NaN	NaN	987.0	7150
NaN	NaN	538.6	7050.125	NaN	NaN	NaN	NaN	NaN	NaN	NaN	NaN	NaN	NaN	986.0	7210
NaN	NaN	538.5	7082.875	NaN	NaN	NaN	NaN	NaN	NaN	NaN	NaN	NaN	NaN	985.0	6985
NaN	NaN	538.4	7118.5	NaN	NaN	NaN	NaN	NaN	NaN	NaN	NaN	NaN	NaN	984.0	7015
NaN	NaN	538.3	7093.0	NaN	NaN	NaN	NaN	NaN	NaN	NaN	NaN	NaN	NaN	983.0	7210
NaN	NaN	538.2	7111.875	NaN	NaN	NaN	NaN	NaN	NaN	NaN	NaN	NaN	NaN	982.0	7410
NaN	NaN	538.1	7058.75	NaN	NaN	NaN	NaN	NaN	NaN	NaN	NaN	NaN	NaN	981.0	7175
NaN	NaN	538.0	7081.125	NaN	NaN	NaN	NaN	NaN	NaN	NaN	NaN	NaN	NaN	980.0	7105
NaN	NaN	537.9	7006.875	NaN	NaN	NaN	NaN	NaN	NaN	NaN	NaN	NaN	NaN	979.0	7535
NaN	NaN	537.8	7082.375	NaN	NaN	NaN	NaN	NaN	NaN	NaN	NaN	NaN	NaN	978.0	7340
NaN	NaN	537.7	7088.875	NaN	NaN	NaN	NaN	NaN	NaN	NaN	NaN	NaN	NaN	977.0	7455
NaN	NaN	537.6	7052.125	NaN	NaN	NaN	NaN	NaN	NaN	NaN	NaN	NaN	NaN	976.0	7075
NaN	NaN	537.5	7032.625	NaN	NaN	NaN	NaN	NaN	NaN	NaN	NaN	NaN	NaN	975.0	7695
NaN	NaN	537.4	7006.375	NaN	NaN	NaN	NaN	NaN	NaN	NaN	NaN	NaN	NaN	974.0	7260
NaN	NaN	537.3	7013.75	NaN	NaN	NaN	NaN	NaN	NaN	NaN	NaN	NaN	NaN	973.0	7030
NaN	NaN	537.2	7049.375	NaN	NaN	NaN	NaN	NaN	NaN	NaN	NaN	NaN	NaN	972.0	6830
NaN	NaN	537.1	6976.625	NaN	NaN	NaN	NaN	NaN	NaN	NaN	NaN	NaN	NaN	971.0	7335
NaN	NaN	537.0	7012.5	NaN	NaN	NaN	NaN	NaN	NaN	NaN	NaN	NaN	NaN	970.0	7575
NaN	NaN	536.9	7021.0	NaN	NaN	NaN	NaN	NaN	NaN	NaN	NaN	NaN	NaN	969.0	7330
NaN	NaN	536.8	7033.25	NaN	NaN	NaN	NaN	NaN	NaN	NaN	NaN	NaN	NaN	968.0	7205
NaN	NaN	536.7	6999.75	NaN	NaN	NaN	NaN	NaN	NaN	NaN	NaN	NaN	NaN	967.0	7195
NaN	NaN	536.6	7051.0	NaN	NaN	NaN	NaN	NaN	NaN	NaN	NaN	NaN	NaN	966.0	7025
NaN	NaN	536.5	7020.125	NaN	NaN	NaN	NaN	NaN	NaN	NaN	NaN	NaN	NaN	965.0	6735
NaN	NaN	536.4	7027.0	NaN	NaN	NaN	NaN	NaN	NaN	NaN	NaN	NaN	NaN	964.0	6965
NaN	NaN	536.3	7006.375	NaN	NaN	NaN	NaN	NaN	NaN	NaN	NaN	NaN	NaN	963.0	7190
NaN	NaN	536.2	7047.625	NaN	NaN	NaN	NaN	NaN	NaN	NaN	NaN	NaN	NaN	962.0	7000
NaN	NaN	536.1	6942.75	NaN	NaN	NaN	NaN	NaN	NaN	NaN	NaN	NaN	NaN	961.0	7035
NaN	NaN	536.0	7056.125	NaN	NaN	NaN	NaN	NaN	NaN	NaN	NaN	NaN	NaN	960.0	7230
NaN	NaN	535.9	7015.75	NaN	NaN	NaN	NaN	NaN	NaN	NaN	NaN	NaN	NaN	959.0	7430
NaN	NaN	535.8	7057.875	NaN	NaN	NaN	NaN	NaN	NaN	NaN	NaN	NaN	NaN	958.0	7295
NaN	NaN	535.7	7007.5	NaN	NaN	NaN	NaN	NaN	NaN	NaN	NaN	NaN	NaN	957.0	6855
NaN	NaN	535.6	7000.625	NaN	NaN	NaN	NaN	NaN	NaN	NaN	NaN	NaN	NaN	956.0	7135
NaN	NaN	535.5	6994.375	NaN	NaN	NaN	NaN	NaN	NaN	NaN	NaN	NaN	NaN	955.0	7380
NaN	NaN	535.4	7032.875	NaN	NaN	NaN	NaN	NaN	NaN	NaN	NaN	NaN	NaN	954.0	7375
NaN	NaN	535.3	7026.875	NaN	NaN	NaN	NaN	NaN	NaN	NaN	NaN	NaN	NaN	953.0	7245
NaN	NaN	535.2	6962.0	NaN	NaN	NaN	NaN	NaN	NaN	NaN	NaN	NaN	NaN	952.0	6990
NaN	NaN	535.1	6977.625	NaN	NaN	NaN	NaN	NaN	NaN	NaN	NaN	NaN	NaN	951.0	6830
NaN	NaN	535.0	7037.5	NaN	NaN	NaN	NaN	NaN	NaN	NaN	NaN	NaN	NaN	950.0	7235
NaN	NaN	534.9	7078.0	NaN	NaN	NaN	NaN	NaN	NaN	NaN	NaN	NaN	NaN	949.0	7215
NaN	NaN	534.8	6987.0	NaN	NaN	NaN	NaN	NaN	NaN	NaN	NaN	NaN	NaN	948.0	7125
NaN	NaN	534.7	7082.0	NaN	NaN	NaN	NaN	NaN	NaN	NaN	NaN	NaN	NaN	947.0	6960
NaN	NaN	534.6	7056.875	NaN	NaN	NaN	NaN	NaN	NaN	NaN	NaN	NaN	NaN	946.0	6785
NaN	NaN	534.5	7059.25	NaN	NaN	NaN	NaN	NaN	NaN	NaN	NaN	NaN	NaN	945.0	6900
NaN	NaN	534.4	7094.375	NaN	NaN	NaN	NaN	NaN	NaN	NaN	NaN	NaN	NaN	944.0	7050
NaN	NaN	534.3	7152.625	NaN	NaN	NaN	NaN	NaN	NaN	NaN	NaN	NaN	NaN	943.0	6800
NaN	NaN	534.2	7154.125	NaN	NaN	NaN	NaN	NaN	NaN	NaN	NaN	NaN	NaN	942.0	7355
NaN	NaN	534.1	7130.25	NaN	NaN	NaN	NaN	NaN	NaN	NaN	NaN	NaN	NaN	941.0	7160
NaN	NaN	534.0	7192.375	NaN	NaN	NaN	NaN	NaN	NaN	NaN	NaN	NaN	NaN	940.0	7290
NaN	NaN	533.9	7198.75	NaN	NaN	NaN	NaN	NaN	NaN	NaN	NaN	NaN	NaN	939.0	7330
NaN	NaN	533.8	7229.375	NaN	NaN	NaN	NaN	NaN	NaN	NaN	NaN	NaN	NaN	938.0	7140
NaN	NaN	533.7	7273.125	NaN	NaN	NaN	NaN	NaN	NaN	NaN	NaN	NaN	NaN	937.0	7325
NaN	NaN	533.6	7244.0	NaN	NaN	NaN	NaN	NaN	NaN	NaN	NaN	NaN	NaN	936.0	7115
NaN	NaN	533.5	7306.25	NaN	NaN	NaN	NaN	NaN	NaN	NaN	NaN	NaN	NaN	935.0	7070
NaN	NaN	533.4	7383.375	NaN	NaN	NaN	NaN	NaN	NaN	NaN	NaN	NaN	NaN	934.0	6830
NaN	NaN	533.3	7342.875	NaN	NaN	NaN	NaN	NaN	NaN	NaN	NaN	NaN	NaN	933.0	7075
NaN	NaN	533.2	7350.375	NaN	NaN	NaN	NaN	NaN	NaN	NaN	NaN	NaN	NaN	932.0	7190
NaN	NaN	533.1	7319.0	NaN	NaN	NaN	NaN	NaN	NaN	NaN	NaN	NaN	NaN	931.0	6990
NaN	NaN	533.0	7368.75	NaN	NaN	NaN	NaN	NaN	NaN	NaN	NaN	NaN	NaN	930.0	7140
NaN	NaN	532.9	7312.875	NaN	NaN	NaN	NaN	NaN	NaN	NaN	NaN	NaN	NaN	929.0	7040
NaN	NaN	532.8	7266.0	NaN	NaN	NaN	NaN	NaN	NaN	NaN	NaN	NaN	NaN	928.0	7320
NaN	NaN	532.7	7233.625	NaN	NaN	NaN	NaN	NaN	NaN	NaN	NaN	NaN	NaN	927.0	7040
NaN	NaN	532.6	7216.0	NaN	NaN	NaN	NaN	NaN	NaN	NaN	NaN	NaN	NaN	926.0	7190
NaN	NaN	532.5	7227.75	NaN	NaN	NaN	NaN	NaN	NaN	NaN	NaN	NaN	NaN	925.0	7215
NaN	NaN	532.4	7156.875	NaN	NaN	NaN	NaN	NaN	NaN	NaN	NaN	NaN	NaN	924.0	7370
NaN	NaN	532.3	7044.375	NaN	NaN	NaN	NaN	NaN	NaN	NaN	NaN	NaN	NaN	923.0	7065
NaN	NaN	532.2	7004.875	NaN	NaN	NaN	NaN	NaN	NaN	NaN	NaN	NaN	NaN	922.0	6635
NaN	NaN	532.1	7040.5	NaN	NaN	NaN	NaN	NaN	NaN	NaN	NaN	NaN	NaN	921.0	7085
NaN	NaN	532.0	6941.5	NaN	NaN	NaN	NaN	NaN	NaN	NaN	NaN	NaN	NaN	920.0	7325
NaN	NaN	531.9	6918.25	NaN	NaN	NaN	NaN	NaN	NaN	NaN	NaN	NaN	NaN	919.0	6980
NaN	NaN	531.8	6867.125	NaN	NaN	NaN	NaN	NaN	NaN	NaN	NaN	NaN	NaN	918.0	6865
NaN	NaN	531.7	6835.625	NaN	NaN	NaN	NaN	NaN	NaN	NaN	NaN	NaN	NaN	917.0	7125
NaN	NaN	531.6	6811.0	NaN	NaN	NaN	NaN	NaN	NaN	NaN	NaN	NaN	NaN	916.0	7130
NaN	NaN	531.5	6848.625	NaN	NaN	NaN	NaN	NaN	NaN	NaN	NaN	NaN	NaN	915.0	7085
NaN	NaN	531.4	6749.5	NaN	NaN	NaN	NaN	NaN	NaN	NaN	NaN	NaN	NaN	914.0	6800
NaN	NaN	531.3	6724.0	NaN	NaN	NaN	NaN	NaN	NaN	NaN	NaN	NaN	NaN	913.0	6860
NaN	NaN	531.2	6666.125	NaN	NaN	NaN	NaN	NaN	NaN	NaN	NaN	NaN	NaN	912.0	6925
NaN	NaN	531.1	6707.0	NaN	NaN	NaN	NaN	NaN	NaN	NaN	NaN	NaN	NaN	911.0	6640
NaN	NaN	531.0	6688.5	NaN	NaN	NaN	NaN	NaN	NaN	NaN	NaN	NaN	NaN	910.0	6685
NaN	NaN	530.9	6684.75	NaN	NaN	NaN	NaN	NaN	NaN	NaN	NaN	NaN	NaN	909.0	7060
NaN	NaN	530.8	6712.0	NaN	NaN	NaN	NaN	NaN	NaN	NaN	NaN	NaN	NaN	908.0	7260
NaN	NaN	530.7	6682.375	NaN	NaN	NaN	NaN	NaN	NaN	NaN	NaN	NaN	NaN	907.0	7050
NaN	NaN	530.6	6669.875	NaN	NaN	NaN	NaN	NaN	NaN	NaN	NaN	NaN	NaN	906.0	6910
NaN	NaN	530.5	6667.875	NaN	NaN	NaN	NaN	NaN	NaN	NaN	NaN	NaN	NaN	905.0	7120
NaN	NaN	530.4	6599.625	NaN	NaN	NaN	NaN	NaN	NaN	NaN	NaN	NaN	NaN	904.0	6715
NaN	NaN	530.3	6604.625	NaN	NaN	NaN	NaN	NaN	NaN	NaN	NaN	NaN	NaN	903.0	6955
NaN	NaN	530.2	6612.875	NaN	NaN	NaN	NaN	NaN	NaN	NaN	NaN	NaN	NaN	902.0	7290
NaN	NaN	530.1	6596.5	NaN	NaN	NaN	NaN	NaN	NaN	NaN	NaN	NaN	NaN	901.0	6955
NaN	NaN	530.0	6559.75	NaN	NaN	NaN	NaN	NaN	NaN	NaN	NaN	NaN	NaN	900.0	6645
NaN	NaN	529.9	6626.5	NaN	NaN	NaN	NaN	NaN	NaN	NaN	NaN	NaN	NaN	899.0	6590
NaN	NaN	529.8	6528.625	NaN	NaN	NaN	NaN	NaN	NaN	NaN	NaN	NaN	NaN	898.0	7370
NaN	NaN	529.7	6568.75	NaN	NaN	NaN	NaN	NaN	NaN	NaN	NaN	NaN	NaN	897.0	7105
NaN	NaN	529.6	6562.25	NaN	NaN	NaN	NaN	NaN	NaN	NaN	NaN	NaN	NaN	896.0	6750
NaN	NaN	529.5	6586.875	NaN	NaN	NaN	NaN	NaN	NaN	NaN	NaN	NaN	NaN	895.0	6675
NaN	NaN	529.4	6530.5	NaN	NaN	NaN	NaN	NaN	NaN	NaN	NaN	NaN	NaN	894.0	6900
NaN	NaN	529.3	6584.5	NaN	NaN	NaN	NaN	NaN	NaN	NaN	NaN	NaN	NaN	893.0	7130
NaN	NaN	529.2	6528.75	NaN	NaN	NaN	NaN	NaN	NaN	NaN	NaN	NaN	NaN	892.0	6920
NaN	NaN	529.1	6561.75	NaN	NaN	NaN	NaN	NaN	NaN	NaN	NaN	NaN	NaN	891.0	6830
NaN	NaN	529.0	6571.125	NaN	NaN	NaN	NaN	NaN	NaN	NaN	NaN	NaN	NaN	890.0	6990
NaN	NaN	528.9	6533.125	NaN	NaN	NaN	NaN	NaN	NaN	NaN	NaN	NaN	NaN	889.0	6955
NaN	NaN	528.8	6545.75	NaN	NaN	NaN	NaN	NaN	NaN	NaN	NaN	NaN	NaN	888.0	6950
NaN	NaN	528.7	6560.875	NaN	NaN	NaN	NaN	NaN	NaN	NaN	NaN	NaN	NaN	887.0	6855
NaN	NaN	528.6	6548.5	NaN	NaN	NaN	NaN	NaN	NaN	NaN	NaN	NaN	NaN	886.0	6765
NaN	NaN	528.5	6574.875	NaN	NaN	NaN	NaN	NaN	NaN	NaN	NaN	NaN	NaN	885.0	6785
NaN	NaN	528.4	6584.875	NaN	NaN	NaN	NaN	NaN	NaN	NaN	NaN	NaN	NaN	884.0	7045
NaN	NaN	528.3	6567.25	NaN	NaN	NaN	NaN	NaN	NaN	NaN	NaN	NaN	NaN	883.0	6680
NaN	NaN	528.2	6545.25	NaN	NaN	NaN	NaN	NaN	NaN	NaN	NaN	NaN	NaN	882.0	6950
NaN	NaN	528.1	6548.75	NaN	NaN	NaN	NaN	NaN	NaN	NaN	NaN	NaN	NaN	881.0	6770
NaN	NaN	528.0	6540.25	NaN	NaN	NaN	NaN	NaN	NaN	NaN	NaN	NaN	NaN	880.0	6865
NaN	NaN	527.9	6549.625	NaN	NaN	NaN	NaN	NaN	NaN	NaN	NaN	NaN	NaN	879.0	6970
NaN	NaN	527.8	6541.875	NaN	NaN	NaN	NaN	NaN	NaN	NaN	NaN	NaN	NaN	878.0	6750
NaN	NaN	527.7	6513.125	NaN	NaN	NaN	NaN	NaN	NaN	NaN	NaN	NaN	NaN	877.0	6820
NaN	NaN	527.6	6497.625	NaN	NaN	NaN	NaN	NaN	NaN	NaN	NaN	NaN	NaN	876.0	6870
NaN	NaN	527.5	6520.25	NaN	NaN	NaN	NaN	NaN	NaN	NaN	NaN	NaN	NaN	875.0	6755
NaN	NaN	527.4	6495.375	NaN	NaN	NaN	NaN	NaN	NaN	NaN	NaN	NaN	NaN	874.0	6850
NaN	NaN	527.3	6483.375	NaN	NaN	NaN	NaN	NaN	NaN	NaN	NaN	NaN	NaN	873.0	6930
NaN	NaN	527.2	6529.75	NaN	NaN	NaN	NaN	NaN	NaN	NaN	NaN	NaN	NaN	872.0	6955
NaN	NaN	527.1	6549.75	NaN	NaN	NaN	NaN	NaN	NaN	NaN	NaN	NaN	NaN	871.0	6855
NaN	NaN	527.0	6546.5	NaN	NaN	NaN	NaN	NaN	NaN	NaN	NaN	NaN	NaN	870.0	6760
NaN	NaN	526.9	6488.0	NaN	NaN	NaN	NaN	NaN	NaN	NaN	NaN	NaN	NaN	869.0	6850
NaN	NaN	526.8	6492.375	NaN	NaN	NaN	NaN	NaN	NaN	NaN	NaN	NaN	NaN	868.0	6645
NaN	NaN	526.7	6495.0	NaN	NaN	NaN	NaN	NaN	NaN	NaN	NaN	NaN	NaN	867.0	7080
NaN	NaN	526.6	6491.25	NaN	NaN	NaN	NaN	NaN	NaN	NaN	NaN	NaN	NaN	866.0	7055
NaN	NaN	526.5	6507.125	NaN	NaN	NaN	NaN	NaN	NaN	NaN	NaN	NaN	NaN	865.0	6875
NaN	NaN	526.4	6547.5	NaN	NaN	NaN	NaN	NaN	NaN	NaN	NaN	NaN	NaN	864.0	6865
NaN	NaN	526.3	6502.875	NaN	NaN	NaN	NaN	NaN	NaN	NaN	NaN	NaN	NaN	863.0	6885
NaN	NaN	526.2	6562.375	NaN	NaN	NaN	NaN	NaN	NaN	NaN	NaN	NaN	NaN	862.0	7015
NaN	NaN	526.1	6538.5	NaN	NaN	NaN	NaN	NaN	NaN	NaN	NaN	NaN	NaN	861.0	6680
NaN	NaN	526.0	6544.25	NaN	NaN	NaN	NaN	NaN	NaN	NaN	NaN	NaN	NaN	860.0	7015
NaN	NaN	525.9	6564.25	NaN	NaN	NaN	NaN	NaN	NaN	NaN	NaN	NaN	NaN	859.0	7350
NaN	NaN	525.8	6495.375	NaN	NaN	NaN	NaN	NaN	NaN	NaN	NaN	NaN	NaN	858.0	6775
NaN	NaN	525.7	6527.0	NaN	NaN	NaN	NaN	NaN	NaN	NaN	NaN	NaN	NaN	857.0	6900
NaN	NaN	525.6	6524.0	NaN	NaN	NaN	NaN	NaN	NaN	NaN	NaN	NaN	NaN	856.0	7090
NaN	NaN	525.5	6474.25	NaN	NaN	NaN	NaN	NaN	NaN	NaN	NaN	NaN	NaN	855.0	7265
NaN	NaN	525.4	6516.75	NaN	NaN	NaN	NaN	NaN	NaN	NaN	NaN	NaN	NaN	854.0	6775
NaN	NaN	525.3	6518.125	NaN	NaN	NaN	NaN	NaN	NaN	NaN	NaN	NaN	NaN	853.0	7065
NaN	NaN	525.2	6507.5	NaN	NaN	NaN	NaN	NaN	NaN	NaN	NaN	NaN	NaN	852.0	6905
NaN	NaN	525.1	6533.875	NaN	NaN	NaN	NaN	NaN	NaN	NaN	NaN	NaN	NaN	851.0	6620
NaN	NaN	525.0	6553.75	NaN	NaN	NaN	NaN	NaN	NaN	NaN	NaN	NaN	NaN	850.0	6795
NaN	NaN	NaN	NaN	NaN	NaN	NaN	NaN	NaN	NaN	NaN	NaN	NaN	NaN	849.0	6900
NaN	NaN	NaN	NaN	NaN	NaN	NaN	NaN	NaN	NaN	NaN	NaN	NaN	NaN	848.0	6955
NaN	NaN	NaN	NaN	NaN	NaN	NaN	NaN	NaN	NaN	NaN	NaN	NaN	NaN	847.0	6775
NaN	NaN	NaN	NaN	NaN	NaN	NaN	NaN	NaN	NaN	NaN	NaN	NaN	NaN	846.0	6980
NaN	NaN	NaN	NaN	NaN	NaN	NaN	NaN	NaN	NaN	NaN	NaN	NaN	NaN	845.0	7120
NaN	NaN	NaN	NaN	NaN	NaN	NaN	NaN	NaN	NaN	NaN	NaN	NaN	NaN	844.0	6945
NaN	NaN	NaN	NaN	NaN	NaN	NaN	NaN	NaN	NaN	NaN	NaN	NaN	NaN	843.0	6940
NaN	NaN	NaN	NaN	NaN	NaN	NaN	NaN	NaN	NaN	NaN	NaN	NaN	NaN	842.0	6855
NaN	NaN	NaN	NaN	NaN	NaN	NaN	NaN	NaN	NaN	NaN	NaN	NaN	NaN	841.0	7195
NaN	NaN	NaN	NaN	NaN	NaN	NaN	NaN	NaN	NaN	NaN	NaN	NaN	NaN	840.0	7140
NaN	NaN	NaN	NaN	NaN	NaN	NaN	NaN	NaN	NaN	NaN	NaN	NaN	NaN	839.0	7025
NaN	NaN	NaN	NaN	NaN	NaN	NaN	NaN	NaN	NaN	NaN	NaN	NaN	NaN	838.0	7000
NaN	NaN	NaN	NaN	NaN	NaN	NaN	NaN	NaN	NaN	NaN	NaN	NaN	NaN	837.0	6790
NaN	NaN	NaN	NaN	NaN	NaN	NaN	NaN	NaN	NaN	NaN	NaN	NaN	NaN	836.0	6745
NaN	NaN	NaN	NaN	NaN	NaN	NaN	NaN	NaN	NaN	NaN	NaN	NaN	NaN	835.0	6920
NaN	NaN	NaN	NaN	NaN	NaN	NaN	NaN	NaN	NaN	NaN	NaN	NaN	NaN	834.0	7020
NaN	NaN	NaN	NaN	NaN	NaN	NaN	NaN	NaN	NaN	NaN	NaN	NaN	NaN	833.0	6885
NaN	NaN	NaN	NaN	NaN	NaN	NaN	NaN	NaN	NaN	NaN	NaN	NaN	NaN	832.0	7200
NaN	NaN	NaN	NaN	NaN	NaN	NaN	NaN	NaN	NaN	NaN	NaN	NaN	NaN	831.0	7140
NaN	NaN	NaN	NaN	NaN	NaN	NaN	NaN	NaN	NaN	NaN	NaN	NaN	NaN	830.0	6865
NaN	NaN	NaN	NaN	NaN	NaN	NaN	NaN	NaN	NaN	NaN	NaN	NaN	NaN	829.0	7060
NaN	NaN	NaN	NaN	NaN	NaN	NaN	NaN	NaN	NaN	NaN	NaN	NaN	NaN	828.0	6540
NaN	NaN	NaN	NaN	NaN	NaN	NaN	NaN	NaN	NaN	NaN	NaN	NaN	NaN	827.0	7100
NaN	NaN	NaN	NaN	NaN	NaN	NaN	NaN	NaN	NaN	NaN	NaN	NaN	NaN	826.0	7075
NaN	NaN	NaN	NaN	NaN	NaN	NaN	NaN	NaN	NaN	NaN	NaN	NaN	NaN	825.0	6830
NaN	NaN	NaN	NaN	NaN	NaN	NaN	NaN	NaN	NaN	NaN	NaN	NaN	NaN	824.0	6755
NaN	NaN	NaN	NaN	NaN	NaN	NaN	NaN	NaN	NaN	NaN	NaN	NaN	NaN	823.0	7025
NaN	NaN	NaN	NaN	NaN	NaN	NaN	NaN	NaN	NaN	NaN	NaN	NaN	NaN	822.0	6920
NaN	NaN	NaN	NaN	NaN	NaN	NaN	NaN	NaN	NaN	NaN	NaN	NaN	NaN	821.0	6840
NaN	NaN	NaN	NaN	NaN	NaN	NaN	NaN	NaN	NaN	NaN	NaN	NaN	NaN	820.0	7180
NaN	NaN	NaN	NaN	NaN	NaN	NaN	NaN	NaN	NaN	NaN	NaN	NaN	NaN	819.0	7090
NaN	NaN	NaN	NaN	NaN	NaN	NaN	NaN	NaN	NaN	NaN	NaN	NaN	NaN	818.0	7230
NaN	NaN	NaN	NaN	NaN	NaN	NaN	NaN	NaN	NaN	NaN	NaN	NaN	NaN	817.0	6855
NaN	NaN	NaN	NaN	NaN	NaN	NaN	NaN	NaN	NaN	NaN	NaN	NaN	NaN	816.0	6645
NaN	NaN	NaN	NaN	NaN	NaN	NaN	NaN	NaN	NaN	NaN	NaN	NaN	NaN	815.0	6940
NaN	NaN	NaN	NaN	NaN	NaN	NaN	NaN	NaN	NaN	NaN	NaN	NaN	NaN	814.0	7165
NaN	NaN	NaN	NaN	NaN	NaN	NaN	NaN	NaN	NaN	NaN	NaN	NaN	NaN	813.0	6835
NaN	NaN	NaN	NaN	NaN	NaN	NaN	NaN	NaN	NaN	NaN	NaN	NaN	NaN	812.0	6805
NaN	NaN	NaN	NaN	NaN	NaN	NaN	NaN	NaN	NaN	NaN	NaN	NaN	NaN	811.0	7205
NaN	NaN	NaN	NaN	NaN	NaN	NaN	NaN	NaN	NaN	NaN	NaN	NaN	NaN	810.0	7185
NaN	NaN	NaN	NaN	NaN	NaN	NaN	NaN	NaN	NaN	NaN	NaN	NaN	NaN	809.0	7175
NaN	NaN	NaN	NaN	NaN	NaN	NaN	NaN	NaN	NaN	NaN	NaN	NaN	NaN	808.0	7390
NaN	NaN	NaN	NaN	NaN	NaN	NaN	NaN	NaN	NaN	NaN	NaN	NaN	NaN	807.0	7115
NaN	NaN	NaN	NaN	NaN	NaN	NaN	NaN	NaN	NaN	NaN	NaN	NaN	NaN	806.0	7245
NaN	NaN	NaN	NaN	NaN	NaN	NaN	NaN	NaN	NaN	NaN	NaN	NaN	NaN	805.0	7290
NaN	NaN	NaN	NaN	NaN	NaN	NaN	NaN	NaN	NaN	NaN	NaN	NaN	NaN	804.0	7505
NaN	NaN	NaN	NaN	NaN	NaN	NaN	NaN	NaN	NaN	NaN	NaN	NaN	NaN	803.0	7345
NaN	NaN	NaN	NaN	NaN	NaN	NaN	NaN	NaN	NaN	NaN	NaN	NaN	NaN	802.0	7155
NaN	NaN	NaN	NaN	NaN	NaN	NaN	NaN	NaN	NaN	NaN	NaN	NaN	NaN	801.0	6950
NaN	NaN	NaN	NaN	NaN	NaN	NaN	NaN	NaN	NaN	NaN	NaN	NaN	NaN	800.0	7430
NaN	NaN	NaN	NaN	NaN	NaN	NaN	NaN	NaN	NaN	NaN	NaN	NaN	NaN	799.0	7105
NaN	NaN	NaN	NaN	NaN	NaN	NaN	NaN	NaN	NaN	NaN	NaN	NaN	NaN	798.0	7000
NaN	NaN	NaN	NaN	NaN	NaN	NaN	NaN	NaN	NaN	NaN	NaN	NaN	NaN	797.0	6970
NaN	NaN	NaN	NaN	NaN	NaN	NaN	NaN	NaN	NaN	NaN	NaN	NaN	NaN	796.0	7220
NaN	NaN	NaN	NaN	NaN	NaN	NaN	NaN	NaN	NaN	NaN	NaN	NaN	NaN	795.0	6985
NaN	NaN	NaN	NaN	NaN	NaN	NaN	NaN	NaN	NaN	NaN	NaN	NaN	NaN	794.0	7235
NaN	NaN	NaN	NaN	NaN	NaN	NaN	NaN	NaN	NaN	NaN	NaN	NaN	NaN	793.0	7185
NaN	NaN	NaN	NaN	NaN	NaN	NaN	NaN	NaN	NaN	NaN	NaN	NaN	NaN	792.0	7145
NaN	NaN	NaN	NaN	NaN	NaN	NaN	NaN	NaN	NaN	NaN	NaN	NaN	NaN	791.0	7185
NaN	NaN	NaN	NaN	NaN	NaN	NaN	NaN	NaN	NaN	NaN	NaN	NaN	NaN	790.0	7015
NaN	NaN	NaN	NaN	NaN	NaN	NaN	NaN	NaN	NaN	NaN	NaN	NaN	NaN	789.0	6940
NaN	NaN	NaN	NaN	NaN	NaN	NaN	NaN	NaN	NaN	NaN	NaN	NaN	NaN	788.0	7260
NaN	NaN	NaN	NaN	NaN	NaN	NaN	NaN	NaN	NaN	NaN	NaN	NaN	NaN	787.0	7230
NaN	NaN	NaN	NaN	NaN	NaN	NaN	NaN	NaN	NaN	NaN	NaN	NaN	NaN	786.0	7155
NaN	NaN	NaN	NaN	NaN	NaN	NaN	NaN	NaN	NaN	NaN	NaN	NaN	NaN	785.0	7270
NaN	NaN	NaN	NaN	NaN	NaN	NaN	NaN	NaN	NaN	NaN	NaN	NaN	NaN	784.0	7040
NaN	NaN	NaN	NaN	NaN	NaN	NaN	NaN	NaN	NaN	NaN	NaN	NaN	NaN	783.0	6805
NaN	NaN	NaN	NaN	NaN	NaN	NaN	NaN	NaN	NaN	NaN	NaN	NaN	NaN	782.0	7350
NaN	NaN	NaN	NaN	NaN	NaN	NaN	NaN	NaN	NaN	NaN	NaN	NaN	NaN	781.0	7450
NaN	NaN	NaN	NaN	NaN	NaN	NaN	NaN	NaN	NaN	NaN	NaN	NaN	NaN	780.0	7115
NaN	NaN	NaN	NaN	NaN	NaN	NaN	NaN	NaN	NaN	NaN	NaN	NaN	NaN	779.0	7240
NaN	NaN	NaN	NaN	NaN	NaN	NaN	NaN	NaN	NaN	NaN	NaN	NaN	NaN	778.0	7255
NaN	NaN	NaN	NaN	NaN	NaN	NaN	NaN	NaN	NaN	NaN	NaN	NaN	NaN	777.0	7485
NaN	NaN	NaN	NaN	NaN	NaN	NaN	NaN	NaN	NaN	NaN	NaN	NaN	NaN	776.0	7275
NaN	NaN	NaN	NaN	NaN	NaN	NaN	NaN	NaN	NaN	NaN	NaN	NaN	NaN	775.0	6495
NaN	NaN	NaN	NaN	NaN	NaN	NaN	NaN	NaN	NaN	NaN	NaN	NaN	NaN	774.0	7355
NaN	NaN	NaN	NaN	NaN	NaN	NaN	NaN	NaN	NaN	NaN	NaN	NaN	NaN	773.0	7015
NaN	NaN	NaN	NaN	NaN	NaN	NaN	NaN	NaN	NaN	NaN	NaN	NaN	NaN	772.0	6960
NaN	NaN	NaN	NaN	NaN	NaN	NaN	NaN	NaN	NaN	NaN	NaN	NaN	NaN	771.0	7270
NaN	NaN	NaN	NaN	NaN	NaN	NaN	NaN	NaN	NaN	NaN	NaN	NaN	NaN	770.0	6980
NaN	NaN	NaN	NaN	NaN	NaN	NaN	NaN	NaN	NaN	NaN	NaN	NaN	NaN	769.0	7135
NaN	NaN	NaN	NaN	NaN	NaN	NaN	NaN	NaN	NaN	NaN	NaN	NaN	NaN	768.0	7545
NaN	NaN	NaN	NaN	NaN	NaN	NaN	NaN	NaN	NaN	NaN	NaN	NaN	NaN	767.0	7130
NaN	NaN	NaN	NaN	NaN	NaN	NaN	NaN	NaN	NaN	NaN	NaN	NaN	NaN	766.0	7160
NaN	NaN	NaN	NaN	NaN	NaN	NaN	NaN	NaN	NaN	NaN	NaN	NaN	NaN	765.0	7310
NaN	NaN	NaN	NaN	NaN	NaN	NaN	NaN	NaN	NaN	NaN	NaN	NaN	NaN	764.0	7690
NaN	NaN	NaN	NaN	NaN	NaN	NaN	NaN	NaN	NaN	NaN	NaN	NaN	NaN	763.0	7760
NaN	NaN	NaN	NaN	NaN	NaN	NaN	NaN	NaN	NaN	NaN	NaN	NaN	NaN	762.0	7300
NaN	NaN	NaN	NaN	NaN	NaN	NaN	NaN	NaN	NaN	NaN	NaN	NaN	NaN	761.0	7790
NaN	NaN	NaN	NaN	NaN	NaN	NaN	NaN	NaN	NaN	NaN	NaN	NaN	NaN	760.0	7695
NaN	NaN	NaN	NaN	NaN	NaN	NaN	NaN	NaN	NaN	NaN	NaN	NaN	NaN	759.0	7440
NaN	NaN	NaN	NaN	NaN	NaN	NaN	NaN	NaN	NaN	NaN	NaN	NaN	NaN	758.0	7535
NaN	NaN	NaN	NaN	NaN	NaN	NaN	NaN	NaN	NaN	NaN	NaN	NaN	NaN	757.0	7605
NaN	NaN	NaN	NaN	NaN	NaN	NaN	NaN	NaN	NaN	NaN	NaN	NaN	NaN	756.0	7540
NaN	NaN	NaN	NaN	NaN	NaN	NaN	NaN	NaN	NaN	NaN	NaN	NaN	NaN	755.0	7575
NaN	NaN	NaN	NaN	NaN	NaN	NaN	NaN	NaN	NaN	NaN	NaN	NaN	NaN	754.0	7120
NaN	NaN	NaN	NaN	NaN	NaN	NaN	NaN	NaN	NaN	NaN	NaN	NaN	NaN	753.0	7295
NaN	NaN	NaN	NaN	NaN	NaN	NaN	NaN	NaN	NaN	NaN	NaN	NaN	NaN	752.0	7255
NaN	NaN	NaN	NaN	NaN	NaN	NaN	NaN	NaN	NaN	NaN	NaN	NaN	NaN	751.0	7080
NaN	NaN	NaN	NaN	NaN	NaN	NaN	NaN	NaN	NaN	NaN	NaN	NaN	NaN	750.0	7275
NaN	NaN	NaN	NaN	NaN	NaN	NaN	NaN	NaN	NaN	NaN	NaN	NaN	NaN	749.0	7515
NaN	NaN	NaN	NaN	NaN	NaN	NaN	NaN	NaN	NaN	NaN	NaN	NaN	NaN	748.0	7265
NaN	NaN	NaN	NaN	NaN	NaN	NaN	NaN	NaN	NaN	NaN	NaN	NaN	NaN	747.0	7125
NaN	NaN	NaN	NaN	NaN	NaN	NaN	NaN	NaN	NaN	NaN	NaN	NaN	NaN	746.0	6780
NaN	NaN	NaN	NaN	NaN	NaN	NaN	NaN	NaN	NaN	NaN	NaN	NaN	NaN	745.0	7085
NaN	NaN	NaN	NaN	NaN	NaN	NaN	NaN	NaN	NaN	NaN	NaN	NaN	NaN	744.0	6775
NaN	NaN	NaN	NaN	NaN	NaN	NaN	NaN	NaN	NaN	NaN	NaN	NaN	NaN	743.0	7290
NaN	NaN	NaN	NaN	NaN	NaN	NaN	NaN	NaN	NaN	NaN	NaN	NaN	NaN	742.0	6880
NaN	NaN	NaN	NaN	NaN	NaN	NaN	NaN	NaN	NaN	NaN	NaN	NaN	NaN	741.0	7025
NaN	NaN	NaN	NaN	NaN	NaN	NaN	NaN	NaN	NaN	NaN	NaN	NaN	NaN	740.0	7550
NaN	NaN	NaN	NaN	NaN	NaN	NaN	NaN	NaN	NaN	NaN	NaN	NaN	NaN	739.0	7150
NaN	NaN	NaN	NaN	NaN	NaN	NaN	NaN	NaN	NaN	NaN	NaN	NaN	NaN	738.0	7345
NaN	NaN	NaN	NaN	NaN	NaN	NaN	NaN	NaN	NaN	NaN	NaN	NaN	NaN	737.0	6970
NaN	NaN	NaN	NaN	NaN	NaN	NaN	NaN	NaN	NaN	NaN	NaN	NaN	NaN	736.0	7070
NaN	NaN	NaN	NaN	NaN	NaN	NaN	NaN	NaN	NaN	NaN	NaN	NaN	NaN	735.0	7040
NaN	NaN	NaN	NaN	NaN	NaN	NaN	NaN	NaN	NaN	NaN	NaN	NaN	NaN	734.0	7410
NaN	NaN	NaN	NaN	NaN	NaN	NaN	NaN	NaN	NaN	NaN	NaN	NaN	NaN	733.0	7145
NaN	NaN	NaN	NaN	NaN	NaN	NaN	NaN	NaN	NaN	NaN	NaN	NaN	NaN	732.0	7545
NaN	NaN	NaN	NaN	NaN	NaN	NaN	NaN	NaN	NaN	NaN	NaN	NaN	NaN	731.0	7165
NaN	NaN	NaN	NaN	NaN	NaN	NaN	NaN	NaN	NaN	NaN	NaN	NaN	NaN	730.0	7030
NaN	NaN	NaN	NaN	NaN	NaN	NaN	NaN	NaN	NaN	NaN	NaN	NaN	NaN	729.0	6880
NaN	NaN	NaN	NaN	NaN	NaN	NaN	NaN	NaN	NaN	NaN	NaN	NaN	NaN	728.0	7440
NaN	NaN	NaN	NaN	NaN	NaN	NaN	NaN	NaN	NaN	NaN	NaN	NaN	NaN	727.0	7305
NaN	NaN	NaN	NaN	NaN	NaN	NaN	NaN	NaN	NaN	NaN	NaN	NaN	NaN	726.0	6980
NaN	NaN	NaN	NaN	NaN	NaN	NaN	NaN	NaN	NaN	NaN	NaN	NaN	NaN	725.0	7030
NaN	NaN	NaN	NaN	NaN	NaN	NaN	NaN	NaN	NaN	NaN	NaN	NaN	NaN	724.0	6580
NaN	NaN	NaN	NaN	NaN	NaN	NaN	NaN	NaN	NaN	NaN	NaN	NaN	NaN	723.0	7305
NaN	NaN	NaN	NaN	NaN	NaN	NaN	NaN	NaN	NaN	NaN	NaN	NaN	NaN	722.0	7005
NaN	NaN	NaN	NaN	NaN	NaN	NaN	NaN	NaN	NaN	NaN	NaN	NaN	NaN	721.0	7185
NaN	NaN	NaN	NaN	NaN	NaN	NaN	NaN	NaN	NaN	NaN	NaN	NaN	NaN	720.0	7115
NaN	NaN	NaN	NaN	NaN	NaN	NaN	NaN	NaN	NaN	NaN	NaN	NaN	NaN	719.0	7560
NaN	NaN	NaN	NaN	NaN	NaN	NaN	NaN	NaN	NaN	NaN	NaN	NaN	NaN	718.0	7320
NaN	NaN	NaN	NaN	NaN	NaN	NaN	NaN	NaN	NaN	NaN	NaN	NaN	NaN	717.0	7325
NaN	NaN	NaN	NaN	NaN	NaN	NaN	NaN	NaN	NaN	NaN	NaN	NaN	NaN	716.0	7205
NaN	NaN	NaN	NaN	NaN	NaN	NaN	NaN	NaN	NaN	NaN	NaN	NaN	NaN	715.0	7210
NaN	NaN	NaN	NaN	NaN	NaN	NaN	NaN	NaN	NaN	NaN	NaN	NaN	NaN	714.0	7450
NaN	NaN	NaN	NaN	NaN	NaN	NaN	NaN	NaN	NaN	NaN	NaN	NaN	NaN	713.0	7250
NaN	NaN	NaN	NaN	NaN	NaN	NaN	NaN	NaN	NaN	NaN	NaN	NaN	NaN	712.0	6655
NaN	NaN	NaN	NaN	NaN	NaN	NaN	NaN	NaN	NaN	NaN	NaN	NaN	NaN	711.0	7315
NaN	NaN	NaN	NaN	NaN	NaN	NaN	NaN	NaN	NaN	NaN	NaN	NaN	NaN	710.0	7410
NaN	NaN	NaN	NaN	NaN	NaN	NaN	NaN	NaN	NaN	NaN	NaN	NaN	NaN	709.0	7310
NaN	NaN	NaN	NaN	NaN	NaN	NaN	NaN	NaN	NaN	NaN	NaN	NaN	NaN	708.0	7400
NaN	NaN	NaN	NaN	NaN	NaN	NaN	NaN	NaN	NaN	NaN	NaN	NaN	NaN	707.0	7515
NaN	NaN	NaN	NaN	NaN	NaN	NaN	NaN	NaN	NaN	NaN	NaN	NaN	NaN	706.0	7555
NaN	NaN	NaN	NaN	NaN	NaN	NaN	NaN	NaN	NaN	NaN	NaN	NaN	NaN	705.0	7430
NaN	NaN	NaN	NaN	NaN	NaN	NaN	NaN	NaN	NaN	NaN	NaN	NaN	NaN	704.0	7420
NaN	NaN	NaN	NaN	NaN	NaN	NaN	NaN	NaN	NaN	NaN	NaN	NaN	NaN	703.0	7290
NaN	NaN	NaN	NaN	NaN	NaN	NaN	NaN	NaN	NaN	NaN	NaN	NaN	NaN	702.0	7485
NaN	NaN	NaN	NaN	NaN	NaN	NaN	NaN	NaN	NaN	NaN	NaN	NaN	NaN	701.0	6975
NaN	NaN	NaN	NaN	NaN	NaN	NaN	NaN	NaN	NaN	NaN	NaN	NaN	NaN	700.0	7320
NaN	NaN	NaN	NaN	NaN	NaN	NaN	NaN	NaN	NaN	NaN	NaN	NaN	NaN	699.0	7645
NaN	NaN	NaN	NaN	NaN	NaN	NaN	NaN	NaN	NaN	NaN	NaN	NaN	NaN	698.0	7375
NaN	NaN	NaN	NaN	NaN	NaN	NaN	NaN	NaN	NaN	NaN	NaN	NaN	NaN	697.0	7095
NaN	NaN	NaN	NaN	NaN	NaN	NaN	NaN	NaN	NaN	NaN	NaN	NaN	NaN	696.0	7155
NaN	NaN	NaN	NaN	NaN	NaN	NaN	NaN	NaN	NaN	NaN	NaN	NaN	NaN	695.0	7270
NaN	NaN	NaN	NaN	NaN	NaN	NaN	NaN	NaN	NaN	NaN	NaN	NaN	NaN	694.0	7315
NaN	NaN	NaN	NaN	NaN	NaN	NaN	NaN	NaN	NaN	NaN	NaN	NaN	NaN	693.0	7310
NaN	NaN	NaN	NaN	NaN	NaN	NaN	NaN	NaN	NaN	NaN	NaN	NaN	NaN	692.0	7010
NaN	NaN	NaN	NaN	NaN	NaN	NaN	NaN	NaN	NaN	NaN	NaN	NaN	NaN	691.0	7765
NaN	NaN	NaN	NaN	NaN	NaN	NaN	NaN	NaN	NaN	NaN	NaN	NaN	NaN	690.0	7640
NaN	NaN	NaN	NaN	NaN	NaN	NaN	NaN	NaN	NaN	NaN	NaN	NaN	NaN	689.0	7660
NaN	NaN	NaN	NaN	NaN	NaN	NaN	NaN	NaN	NaN	NaN	NaN	NaN	NaN	688.0	7280
NaN	NaN	NaN	NaN	NaN	NaN	NaN	NaN	NaN	NaN	NaN	NaN	NaN	NaN	687.0	7590
NaN	NaN	NaN	NaN	NaN	NaN	NaN	NaN	NaN	NaN	NaN	NaN	NaN	NaN	686.0	7285
NaN	NaN	NaN	NaN	NaN	NaN	NaN	NaN	NaN	NaN	NaN	NaN	NaN	NaN	685.0	7475
NaN	NaN	NaN	NaN	NaN	NaN	NaN	NaN	NaN	NaN	NaN	NaN	NaN	NaN	684.0	7530
NaN	NaN	NaN	NaN	NaN	NaN	NaN	NaN	NaN	NaN	NaN	NaN	NaN	NaN	683.0	7795
NaN	NaN	NaN	NaN	NaN	NaN	NaN	NaN	NaN	NaN	NaN	NaN	NaN	NaN	682.0	7300
NaN	NaN	NaN	NaN	NaN	NaN	NaN	NaN	NaN	NaN	NaN	NaN	NaN	NaN	681.0	7350
NaN	NaN	NaN	NaN	NaN	NaN	NaN	NaN	NaN	NaN	NaN	NaN	NaN	NaN	680.0	7375
NaN	NaN	NaN	NaN	NaN	NaN	NaN	NaN	NaN	NaN	NaN	NaN	NaN	NaN	679.0	7945
NaN	NaN	NaN	NaN	NaN	NaN	NaN	NaN	NaN	NaN	NaN	NaN	NaN	NaN	678.0	7510
NaN	NaN	NaN	NaN	NaN	NaN	NaN	NaN	NaN	NaN	NaN	NaN	NaN	NaN	677.0	7380
NaN	NaN	NaN	NaN	NaN	NaN	NaN	NaN	NaN	NaN	NaN	NaN	NaN	NaN	676.0	7440
NaN	NaN	NaN	NaN	NaN	NaN	NaN	NaN	NaN	NaN	NaN	NaN	NaN	NaN	675.0	7405
NaN	NaN	NaN	NaN	NaN	NaN	NaN	NaN	NaN	NaN	NaN	NaN	NaN	NaN	674.0	7470
NaN	NaN	NaN	NaN	NaN	NaN	NaN	NaN	NaN	NaN	NaN	NaN	NaN	NaN	673.0	7665
NaN	NaN	NaN	NaN	NaN	NaN	NaN	NaN	NaN	NaN	NaN	NaN	NaN	NaN	672.0	7555
NaN	NaN	NaN	NaN	NaN	NaN	NaN	NaN	NaN	NaN	NaN	NaN	NaN	NaN	671.0	7750
NaN	NaN	NaN	NaN	NaN	NaN	NaN	NaN	NaN	NaN	NaN	NaN	NaN	NaN	670.0	7705
NaN	NaN	NaN	NaN	NaN	NaN	NaN	NaN	NaN	NaN	NaN	NaN	NaN	NaN	669.0	7555
NaN	NaN	NaN	NaN	NaN	NaN	NaN	NaN	NaN	NaN	NaN	NaN	NaN	NaN	668.0	7905
NaN	NaN	NaN	NaN	NaN	NaN	NaN	NaN	NaN	NaN	NaN	NaN	NaN	NaN	667.0	7585
NaN	NaN	NaN	NaN	NaN	NaN	NaN	NaN	NaN	NaN	NaN	NaN	NaN	NaN	666.0	7445
NaN	NaN	NaN	NaN	NaN	NaN	NaN	NaN	NaN	NaN	NaN	NaN	NaN	NaN	665.0	7840
NaN	NaN	NaN	NaN	NaN	NaN	NaN	NaN	NaN	NaN	NaN	NaN	NaN	NaN	664.0	7535
NaN	NaN	NaN	NaN	NaN	NaN	NaN	NaN	NaN	NaN	NaN	NaN	NaN	NaN	663.0	7640
NaN	NaN	NaN	NaN	NaN	NaN	NaN	NaN	NaN	NaN	NaN	NaN	NaN	NaN	662.0	7600
NaN	NaN	NaN	NaN	NaN	NaN	NaN	NaN	NaN	NaN	NaN	NaN	NaN	NaN	661.0	7515
NaN	NaN	NaN	NaN	NaN	NaN	NaN	NaN	NaN	NaN	NaN	NaN	NaN	NaN	660.0	7505
NaN	NaN	NaN	NaN	NaN	NaN	NaN	NaN	NaN	NaN	NaN	NaN	NaN	NaN	659.0	7340
NaN	NaN	NaN	NaN	NaN	NaN	NaN	NaN	NaN	NaN	NaN	NaN	NaN	NaN	658.0	7525
NaN	NaN	NaN	NaN	NaN	NaN	NaN	NaN	NaN	NaN	NaN	NaN	NaN	NaN	657.0	7795
NaN	NaN	NaN	NaN	NaN	NaN	NaN	NaN	NaN	NaN	NaN	NaN	NaN	NaN	656.0	7260
NaN	NaN	NaN	NaN	NaN	NaN	NaN	NaN	NaN	NaN	NaN	NaN	NaN	NaN	655.0	7735
NaN	NaN	NaN	NaN	NaN	NaN	NaN	NaN	NaN	NaN	NaN	NaN	NaN	NaN	654.0	7455
NaN	NaN	NaN	NaN	NaN	NaN	NaN	NaN	NaN	NaN	NaN	NaN	NaN	NaN	653.0	7555
NaN	NaN	NaN	NaN	NaN	NaN	NaN	NaN	NaN	NaN	NaN	NaN	NaN	NaN	652.0	7690
NaN	NaN	NaN	NaN	NaN	NaN	NaN	NaN	NaN	NaN	NaN	NaN	NaN	NaN	651.0	7485
NaN	NaN	NaN	NaN	NaN	NaN	NaN	NaN	NaN	NaN	NaN	NaN	NaN	NaN	650.0	7720
NaN	NaN	NaN	NaN	NaN	NaN	NaN	NaN	NaN	NaN	NaN	NaN	NaN	NaN	649.0	8145
NaN	NaN	NaN	NaN	NaN	NaN	NaN	NaN	NaN	NaN	NaN	NaN	NaN	NaN	648.0	8605
NaN	NaN	NaN	NaN	NaN	NaN	NaN	NaN	NaN	NaN	NaN	NaN	NaN	NaN	647.0	7815
NaN	NaN	NaN	NaN	NaN	NaN	NaN	NaN	NaN	NaN	NaN	NaN	NaN	NaN	646.0	7825
NaN	NaN	NaN	NaN	NaN	NaN	NaN	NaN	NaN	NaN	NaN	NaN	NaN	NaN	645.0	8115
NaN	NaN	NaN	NaN	NaN	NaN	NaN	NaN	NaN	NaN	NaN	NaN	NaN	NaN	644.0	8350
NaN	NaN	NaN	NaN	NaN	NaN	NaN	NaN	NaN	NaN	NaN	NaN	NaN	NaN	643.0	8720
NaN	NaN	NaN	NaN	NaN	NaN	NaN	NaN	NaN	NaN	NaN	NaN	NaN	NaN	642.0	8055
NaN	NaN	NaN	NaN	NaN	NaN	NaN	NaN	NaN	NaN	NaN	NaN	NaN	NaN	641.0	8300
NaN	NaN	NaN	NaN	NaN	NaN	NaN	NaN	NaN	NaN	NaN	NaN	NaN	NaN	640.0	7835
NaN	NaN	NaN	NaN	NaN	NaN	NaN	NaN	NaN	NaN	NaN	NaN	NaN	NaN	639.0	7970
NaN	NaN	NaN	NaN	NaN	NaN	NaN	NaN	NaN	NaN	NaN	NaN	NaN	NaN	638.0	7950
NaN	NaN	NaN	NaN	NaN	NaN	NaN	NaN	NaN	NaN	NaN	NaN	NaN	NaN	637.0	8135
NaN	NaN	NaN	NaN	NaN	NaN	NaN	NaN	NaN	NaN	NaN	NaN	NaN	NaN	636.0	7960
NaN	NaN	NaN	NaN	NaN	NaN	NaN	NaN	NaN	NaN	NaN	NaN	NaN	NaN	635.0	7270
NaN	NaN	NaN	NaN	NaN	NaN	NaN	NaN	NaN	NaN	NaN	NaN	NaN	NaN	634.0	7990
NaN	NaN	NaN	NaN	NaN	NaN	NaN	NaN	NaN	NaN	NaN	NaN	NaN	NaN	633.0	7595
NaN	NaN	NaN	NaN	NaN	NaN	NaN	NaN	NaN	NaN	NaN	NaN	NaN	NaN	632.0	8200
NaN	NaN	NaN	NaN	NaN	NaN	NaN	NaN	NaN	NaN	NaN	NaN	NaN	NaN	631.0	7745
NaN	NaN	NaN	NaN	NaN	NaN	NaN	NaN	NaN	NaN	NaN	NaN	NaN	NaN	630.0	7385
NaN	NaN	NaN	NaN	NaN	NaN	NaN	NaN	NaN	NaN	NaN	NaN	NaN	NaN	629.0	7685
NaN	NaN	NaN	NaN	NaN	NaN	NaN	NaN	NaN	NaN	NaN	NaN	NaN	NaN	628.0	7715
NaN	NaN	NaN	NaN	NaN	NaN	NaN	NaN	NaN	NaN	NaN	NaN	NaN	NaN	627.0	7855
NaN	NaN	NaN	NaN	NaN	NaN	NaN	NaN	NaN	NaN	NaN	NaN	NaN	NaN	626.0	7645
NaN	NaN	NaN	NaN	NaN	NaN	NaN	NaN	NaN	NaN	NaN	NaN	NaN	NaN	625.0	7565
NaN	NaN	NaN	NaN	NaN	NaN	NaN	NaN	NaN	NaN	NaN	NaN	NaN	NaN	624.0	7615
NaN	NaN	NaN	NaN	NaN	NaN	NaN	NaN	NaN	NaN	NaN	NaN	NaN	NaN	623.0	7960
NaN	NaN	NaN	NaN	NaN	NaN	NaN	NaN	NaN	NaN	NaN	NaN	NaN	NaN	622.0	7575
NaN	NaN	NaN	NaN	NaN	NaN	NaN	NaN	NaN	NaN	NaN	NaN	NaN	NaN	621.0	7885
NaN	NaN	NaN	NaN	NaN	NaN	NaN	NaN	NaN	NaN	NaN	NaN	NaN	NaN	620.0	7640
NaN	NaN	NaN	NaN	NaN	NaN	NaN	NaN	NaN	NaN	NaN	NaN	NaN	NaN	619.0	7750
NaN	NaN	NaN	NaN	NaN	NaN	NaN	NaN	NaN	NaN	NaN	NaN	NaN	NaN	618.0	7715
NaN	NaN	NaN	NaN	NaN	NaN	NaN	NaN	NaN	NaN	NaN	NaN	NaN	NaN	617.0	7785
NaN	NaN	NaN	NaN	NaN	NaN	NaN	NaN	NaN	NaN	NaN	NaN	NaN	NaN	616.0	7820
NaN	NaN	NaN	NaN	NaN	NaN	NaN	NaN	NaN	NaN	NaN	NaN	NaN	NaN	615.0	7875
NaN	NaN	NaN	NaN	NaN	NaN	NaN	NaN	NaN	NaN	NaN	NaN	NaN	NaN	614.0	7515
NaN	NaN	NaN	NaN	NaN	NaN	NaN	NaN	NaN	NaN	NaN	NaN	NaN	NaN	613.0	7770
NaN	NaN	NaN	NaN	NaN	NaN	NaN	NaN	NaN	NaN	NaN	NaN	NaN	NaN	612.0	7650
NaN	NaN	NaN	NaN	NaN	NaN	NaN	NaN	NaN	NaN	NaN	NaN	NaN	NaN	611.0	7965
NaN	NaN	NaN	NaN	NaN	NaN	NaN	NaN	NaN	NaN	NaN	NaN	NaN	NaN	610.0	7825
NaN	NaN	NaN	NaN	NaN	NaN	NaN	NaN	NaN	NaN	NaN	NaN	NaN	NaN	609.0	8010
NaN	NaN	NaN	NaN	NaN	NaN	NaN	NaN	NaN	NaN	NaN	NaN	NaN	NaN	608.0	8020
NaN	NaN	NaN	NaN	NaN	NaN	NaN	NaN	NaN	NaN	NaN	NaN	NaN	NaN	607.0	7855
NaN	NaN	NaN	NaN	NaN	NaN	NaN	NaN	NaN	NaN	NaN	NaN	NaN	NaN	606.0	7615
NaN	NaN	NaN	NaN	NaN	NaN	NaN	NaN	NaN	NaN	NaN	NaN	NaN	NaN	605.0	8115
NaN	NaN	NaN	NaN	NaN	NaN	NaN	NaN	NaN	NaN	NaN	NaN	NaN	NaN	604.0	8235
NaN	NaN	NaN	NaN	NaN	NaN	NaN	NaN	NaN	NaN	NaN	NaN	NaN	NaN	603.0	7840
NaN	NaN	NaN	NaN	NaN	NaN	NaN	NaN	NaN	NaN	NaN	NaN	NaN	NaN	602.0	7810
NaN	NaN	NaN	NaN	NaN	NaN	NaN	NaN	NaN	NaN	NaN	NaN	NaN	NaN	601.0	7650
NaN	NaN	NaN	NaN	NaN	NaN	NaN	NaN	NaN	NaN	NaN	NaN	NaN	NaN	600.0	7840
NaN	NaN	NaN	NaN	NaN	NaN	NaN	NaN	NaN	NaN	NaN	NaN	NaN	NaN	599.0	7690
NaN	NaN	NaN	NaN	NaN	NaN	NaN	NaN	NaN	NaN	NaN	NaN	NaN	NaN	598.0	7900
NaN	NaN	NaN	NaN	NaN	NaN	NaN	NaN	NaN	NaN	NaN	NaN	NaN	NaN	597.0	8305
NaN	NaN	NaN	NaN	NaN	NaN	NaN	NaN	NaN	NaN	NaN	NaN	NaN	NaN	596.0	7895
NaN	NaN	NaN	NaN	NaN	NaN	NaN	NaN	NaN	NaN	NaN	NaN	NaN	NaN	595.0	7805
NaN	NaN	NaN	NaN	NaN	NaN	NaN	NaN	NaN	NaN	NaN	NaN	NaN	NaN	594.0	8175
NaN	NaN	NaN	NaN	NaN	NaN	NaN	NaN	NaN	NaN	NaN	NaN	NaN	NaN	593.0	8000
NaN	NaN	NaN	NaN	NaN	NaN	NaN	NaN	NaN	NaN	NaN	NaN	NaN	NaN	592.0	8050
NaN	NaN	NaN	NaN	NaN	NaN	NaN	NaN	NaN	NaN	NaN	NaN	NaN	NaN	591.0	8130
NaN	NaN	NaN	NaN	NaN	NaN	NaN	NaN	NaN	NaN	NaN	NaN	NaN	NaN	590.0	7950
NaN	NaN	NaN	NaN	NaN	NaN	NaN	NaN	NaN	NaN	NaN	NaN	NaN	NaN	589.0	8075
NaN	NaN	NaN	NaN	NaN	NaN	NaN	NaN	NaN	NaN	NaN	NaN	NaN	NaN	588.0	8080
NaN	NaN	NaN	NaN	NaN	NaN	NaN	NaN	NaN	NaN	NaN	NaN	NaN	NaN	587.0	8370
NaN	NaN	NaN	NaN	NaN	NaN	NaN	NaN	NaN	NaN	NaN	NaN	NaN	NaN	586.0	8050
NaN	NaN	NaN	NaN	NaN	NaN	NaN	NaN	NaN	NaN	NaN	NaN	NaN	NaN	585.0	8360
NaN	NaN	NaN	NaN	NaN	NaN	NaN	NaN	NaN	NaN	NaN	NaN	NaN	NaN	584.0	8060
NaN	NaN	NaN	NaN	NaN	NaN	NaN	NaN	NaN	NaN	NaN	NaN	NaN	NaN	583.0	7895
NaN	NaN	NaN	NaN	NaN	NaN	NaN	NaN	NaN	NaN	NaN	NaN	NaN	NaN	582.0	8405
NaN	NaN	NaN	NaN	NaN	NaN	NaN	NaN	NaN	NaN	NaN	NaN	NaN	NaN	581.0	8245
NaN	NaN	NaN	NaN	NaN	NaN	NaN	NaN	NaN	NaN	NaN	NaN	NaN	NaN	580.0	8100
NaN	NaN	NaN	NaN	NaN	NaN	NaN	NaN	NaN	NaN	NaN	NaN	NaN	NaN	579.0	7985
NaN	NaN	NaN	NaN	NaN	NaN	NaN	NaN	NaN	NaN	NaN	NaN	NaN	NaN	578.0	8290
NaN	NaN	NaN	NaN	NaN	NaN	NaN	NaN	NaN	NaN	NaN	NaN	NaN	NaN	577.0	8250
NaN	NaN	NaN	NaN	NaN	NaN	NaN	NaN	NaN	NaN	NaN	NaN	NaN	NaN	576.0	8490
NaN	NaN	NaN	NaN	NaN	NaN	NaN	NaN	NaN	NaN	NaN	NaN	NaN	NaN	575.0	8395
NaN	NaN	NaN	NaN	NaN	NaN	NaN	NaN	NaN	NaN	NaN	NaN	NaN	NaN	574.0	8400
NaN	NaN	NaN	NaN	NaN	NaN	NaN	NaN	NaN	NaN	NaN	NaN	NaN	NaN	573.0	8185
NaN	NaN	NaN	NaN	NaN	NaN	NaN	NaN	NaN	NaN	NaN	NaN	NaN	NaN	572.0	8280
NaN	NaN	NaN	NaN	NaN	NaN	NaN	NaN	NaN	NaN	NaN	NaN	NaN	NaN	571.0	8520
NaN	NaN	NaN	NaN	NaN	NaN	NaN	NaN	NaN	NaN	NaN	NaN	NaN	NaN	570.0	8140
NaN	NaN	NaN	NaN	NaN	NaN	NaN	NaN	NaN	NaN	NaN	NaN	NaN	NaN	569.0	8355
NaN	NaN	NaN	NaN	NaN	NaN	NaN	NaN	NaN	NaN	NaN	NaN	NaN	NaN	568.0	8165
NaN	NaN	NaN	NaN	NaN	NaN	NaN	NaN	NaN	NaN	NaN	NaN	NaN	NaN	567.0	8055
NaN	NaN	NaN	NaN	NaN	NaN	NaN	NaN	NaN	NaN	NaN	NaN	NaN	NaN	566.0	8625
NaN	NaN	NaN	NaN	NaN	NaN	NaN	NaN	NaN	NaN	NaN	NaN	NaN	NaN	565.0	8525
NaN	NaN	NaN	NaN	NaN	NaN	NaN	NaN	NaN	NaN	NaN	NaN	NaN	NaN	564.0	8310
NaN	NaN	NaN	NaN	NaN	NaN	NaN	NaN	NaN	NaN	NaN	NaN	NaN	NaN	563.0	8175
NaN	NaN	NaN	NaN	NaN	NaN	NaN	NaN	NaN	NaN	NaN	NaN	NaN	NaN	562.0	8320
NaN	NaN	NaN	NaN	NaN	NaN	NaN	NaN	NaN	NaN	NaN	NaN	NaN	NaN	561.0	8350
NaN	NaN	NaN	NaN	NaN	NaN	NaN	NaN	NaN	NaN	NaN	NaN	NaN	NaN	560.0	8350
NaN	NaN	NaN	NaN	NaN	NaN	NaN	NaN	NaN	NaN	NaN	NaN	NaN	NaN	559.0	8455
NaN	NaN	NaN	NaN	NaN	NaN	NaN	NaN	NaN	NaN	NaN	NaN	NaN	NaN	558.0	8665
NaN	NaN	NaN	NaN	NaN	NaN	NaN	NaN	NaN	NaN	NaN	NaN	NaN	NaN	557.0	8455
NaN	NaN	NaN	NaN	NaN	NaN	NaN	NaN	NaN	NaN	NaN	NaN	NaN	NaN	556.0	8475
NaN	NaN	NaN	NaN	NaN	NaN	NaN	NaN	NaN	NaN	NaN	NaN	NaN	NaN	555.0	8590
NaN	NaN	NaN	NaN	NaN	NaN	NaN	NaN	NaN	NaN	NaN	NaN	NaN	NaN	554.0	8765
NaN	NaN	NaN	NaN	NaN	NaN	NaN	NaN	NaN	NaN	NaN	NaN	NaN	NaN	553.0	8525
NaN	NaN	NaN	NaN	NaN	NaN	NaN	NaN	NaN	NaN	NaN	NaN	NaN	NaN	552.0	8510
NaN	NaN	NaN	NaN	NaN	NaN	NaN	NaN	NaN	NaN	NaN	NaN	NaN	NaN	551.0	8885
NaN	NaN	NaN	NaN	NaN	NaN	NaN	NaN	NaN	NaN	NaN	NaN	NaN	NaN	550.0	9555
NaN	NaN	NaN	NaN	NaN	NaN	NaN	NaN	NaN	NaN	NaN	NaN	NaN	NaN	549.0	9770
NaN	NaN	NaN	NaN	NaN	NaN	NaN	NaN	NaN	NaN	NaN	NaN	NaN	NaN	548.0	10110
NaN	NaN	NaN	NaN	NaN	NaN	NaN	NaN	NaN	NaN	NaN	NaN	NaN	NaN	547.0	11115
NaN	NaN	NaN	NaN	NaN	NaN	NaN	NaN	NaN	NaN	NaN	NaN	NaN	NaN	546.0	10770
NaN	NaN	NaN	NaN	NaN	NaN	NaN	NaN	NaN	NaN	NaN	NaN	NaN	NaN	545.0	10230
NaN	NaN	NaN	NaN	NaN	NaN	NaN	NaN	NaN	NaN	NaN	NaN	NaN	NaN	544.0	10185
NaN	NaN	NaN	NaN	NaN	NaN	NaN	NaN	NaN	NaN	NaN	NaN	NaN	NaN	543.0	9370
NaN	NaN	NaN	NaN	NaN	NaN	NaN	NaN	NaN	NaN	NaN	NaN	NaN	NaN	542.0	8865
NaN	NaN	NaN	NaN	NaN	NaN	NaN	NaN	NaN	NaN	NaN	NaN	NaN	NaN	541.0	8345
NaN	NaN	NaN	NaN	NaN	NaN	NaN	NaN	NaN	NaN	NaN	NaN	NaN	NaN	540.0	8600
NaN	NaN	NaN	NaN	NaN	NaN	NaN	NaN	NaN	NaN	NaN	NaN	NaN	NaN	539.0	7990
NaN	NaN	NaN	NaN	NaN	NaN	NaN	NaN	NaN	NaN	NaN	NaN	NaN	NaN	538.0	8205
NaN	NaN	NaN	NaN	NaN	NaN	NaN	NaN	NaN	NaN	NaN	NaN	NaN	NaN	537.0	8045
NaN	NaN	NaN	NaN	NaN	NaN	NaN	NaN	NaN	NaN	NaN	NaN	NaN	NaN	536.0	8120
NaN	NaN	NaN	NaN	NaN	NaN	NaN	NaN	NaN	NaN	NaN	NaN	NaN	NaN	535.0	8080
NaN	NaN	NaN	NaN	NaN	NaN	NaN	NaN	NaN	NaN	NaN	NaN	NaN	NaN	534.0	8045
NaN	NaN	NaN	NaN	NaN	NaN	NaN	NaN	NaN	NaN	NaN	NaN	NaN	NaN	533.0	8405
NaN	NaN	NaN	NaN	NaN	NaN	NaN	NaN	NaN	NaN	NaN	NaN	NaN	NaN	532.0	7890
NaN	NaN	NaN	NaN	NaN	NaN	NaN	NaN	NaN	NaN	NaN	NaN	NaN	NaN	531.0	7995
NaN	NaN	NaN	NaN	NaN	NaN	NaN	NaN	NaN	NaN	NaN	NaN	NaN	NaN	530.0	7740
NaN	NaN	NaN	NaN	NaN	NaN	NaN	NaN	NaN	NaN	NaN	NaN	NaN	NaN	529.0	7705
NaN	NaN	NaN	NaN	NaN	NaN	NaN	NaN	NaN	NaN	NaN	NaN	NaN	NaN	528.0	7650
NaN	NaN	NaN	NaN	NaN	NaN	NaN	NaN	NaN	NaN	NaN	NaN	NaN	NaN	527.0	7575
NaN	NaN	NaN	NaN	NaN	NaN	NaN	NaN	NaN	NaN	NaN	NaN	NaN	NaN	526.0	7370
NaN	NaN	NaN	NaN	NaN	NaN	NaN	NaN	NaN	NaN	NaN	NaN	NaN	NaN	525.0	7565
NaN	NaN	NaN	NaN	NaN	NaN	NaN	NaN	NaN	NaN	NaN	NaN	NaN	NaN	524.0	7580
NaN	NaN	NaN	NaN	NaN	NaN	NaN	NaN	NaN	NaN	NaN	NaN	NaN	NaN	523.0	7870
NaN	NaN	NaN	NaN	NaN	NaN	NaN	NaN	NaN	NaN	NaN	NaN	NaN	NaN	522.0	7340
NaN	NaN	NaN	NaN	NaN	NaN	NaN	NaN	NaN	NaN	NaN	NaN	NaN	NaN	521.0	7705
NaN	NaN	NaN	NaN	NaN	NaN	NaN	NaN	NaN	NaN	NaN	NaN	NaN	NaN	520.0	7425
NaN	NaN	NaN	NaN	NaN	NaN	NaN	NaN	NaN	NaN	NaN	NaN	NaN	NaN	519.0	7240
NaN	NaN	NaN	NaN	NaN	NaN	NaN	NaN	NaN	NaN	NaN	NaN	NaN	NaN	518.0	7415
NaN	NaN	NaN	NaN	NaN	NaN	NaN	NaN	NaN	NaN	NaN	NaN	NaN	NaN	517.0	7530
NaN	NaN	NaN	NaN	NaN	NaN	NaN	NaN	NaN	NaN	NaN	NaN	NaN	NaN	516.0	7425
NaN	NaN	NaN	NaN	NaN	NaN	NaN	NaN	NaN	NaN	NaN	NaN	NaN	NaN	515.0	7295
NaN	NaN	NaN	NaN	NaN	NaN	NaN	NaN	NaN	NaN	NaN	NaN	NaN	NaN	514.0	7625
NaN	NaN	NaN	NaN	NaN	NaN	NaN	NaN	NaN	NaN	NaN	NaN	NaN	NaN	513.0	7290
NaN	NaN	NaN	NaN	NaN	NaN	NaN	NaN	NaN	NaN	NaN	NaN	NaN	NaN	512.0	7360
NaN	NaN	NaN	NaN	NaN	NaN	NaN	NaN	NaN	NaN	NaN	NaN	NaN	NaN	511.0	7435
NaN	NaN	NaN	NaN	NaN	NaN	NaN	NaN	NaN	NaN	NaN	NaN	NaN	NaN	510.0	7480
NaN	NaN	NaN	NaN	NaN	NaN	NaN	NaN	NaN	NaN	NaN	NaN	NaN	NaN	509.0	7420
NaN	NaN	NaN	NaN	NaN	NaN	NaN	NaN	NaN	NaN	NaN	NaN	NaN	NaN	508.0	7840
NaN	NaN	NaN	NaN	NaN	NaN	NaN	NaN	NaN	NaN	NaN	NaN	NaN	NaN	507.0	7700
NaN	NaN	NaN	NaN	NaN	NaN	NaN	NaN	NaN	NaN	NaN	NaN	NaN	NaN	506.0	7675
NaN	NaN	NaN	NaN	NaN	NaN	NaN	NaN	NaN	NaN	NaN	NaN	NaN	NaN	505.0	7320
NaN	NaN	NaN	NaN	NaN	NaN	NaN	NaN	NaN	NaN	NaN	NaN	NaN	NaN	504.0	7990
NaN	NaN	NaN	NaN	NaN	NaN	NaN	NaN	NaN	NaN	NaN	NaN	NaN	NaN	503.0	7175
NaN	NaN	NaN	NaN	NaN	NaN	NaN	NaN	NaN	NaN	NaN	NaN	NaN	NaN	502.0	7080
NaN	NaN	NaN	NaN	NaN	NaN	NaN	NaN	NaN	NaN	NaN	NaN	NaN	NaN	501.0	7530
NaN	NaN	NaN	NaN	NaN	NaN	NaN	NaN	NaN	NaN	NaN	NaN	NaN	NaN	500.0	7580
NaN	NaN	NaN	NaN	NaN	NaN	NaN	NaN	NaN	NaN	NaN	NaN	NaN	NaN	499.0	7750
NaN	NaN	NaN	NaN	NaN	NaN	NaN	NaN	NaN	NaN	NaN	NaN	NaN	NaN	498.0	7690
NaN	NaN	NaN	NaN	NaN	NaN	NaN	NaN	NaN	NaN	NaN	NaN	NaN	NaN	497.0	7590
NaN	NaN	NaN	NaN	NaN	NaN	NaN	NaN	NaN	NaN	NaN	NaN	NaN	NaN	496.0	7495
NaN	NaN	NaN	NaN	NaN	NaN	NaN	NaN	NaN	NaN	NaN	NaN	NaN	NaN	495.0	8200
NaN	NaN	NaN	NaN	NaN	NaN	NaN	NaN	NaN	NaN	NaN	NaN	NaN	NaN	494.0	7880
NaN	NaN	NaN	NaN	NaN	NaN	NaN	NaN	NaN	NaN	NaN	NaN	NaN	NaN	493.0	7585
NaN	NaN	NaN	NaN	NaN	NaN	NaN	NaN	NaN	NaN	NaN	NaN	NaN	NaN	492.0	7470
NaN	NaN	NaN	NaN	NaN	NaN	NaN	NaN	NaN	NaN	NaN	NaN	NaN	NaN	491.0	7620
NaN	NaN	NaN	NaN	NaN	NaN	NaN	NaN	NaN	NaN	NaN	NaN	NaN	NaN	490.0	7575
NaN	NaN	NaN	NaN	NaN	NaN	NaN	NaN	NaN	NaN	NaN	NaN	NaN	NaN	489.0	8155
NaN	NaN	NaN	NaN	NaN	NaN	NaN	NaN	NaN	NaN	NaN	NaN	NaN	NaN	488.0	7845
NaN	NaN	NaN	NaN	NaN	NaN	NaN	NaN	NaN	NaN	NaN	NaN	NaN	NaN	487.0	7645
NaN	NaN	NaN	NaN	NaN	NaN	NaN	NaN	NaN	NaN	NaN	NaN	NaN	NaN	486.0	7580
NaN	NaN	NaN	NaN	NaN	NaN	NaN	NaN	NaN	NaN	NaN	NaN	NaN	NaN	485.0	7955
NaN	NaN	NaN	NaN	NaN	NaN	NaN	NaN	NaN	NaN	NaN	NaN	NaN	NaN	484.0	7885
NaN	NaN	NaN	NaN	NaN	NaN	NaN	NaN	NaN	NaN	NaN	NaN	NaN	NaN	483.0	7595
NaN	NaN	NaN	NaN	NaN	NaN	NaN	NaN	NaN	NaN	NaN	NaN	NaN	NaN	482.0	7965
NaN	NaN	NaN	NaN	NaN	NaN	NaN	NaN	NaN	NaN	NaN	NaN	NaN	NaN	481.0	7585
NaN	NaN	NaN	NaN	NaN	NaN	NaN	NaN	NaN	NaN	NaN	NaN	NaN	NaN	480.0	8080
NaN	NaN	NaN	NaN	NaN	NaN	NaN	NaN	NaN	NaN	NaN	NaN	NaN	NaN	479.0	8300
NaN	NaN	NaN	NaN	NaN	NaN	NaN	NaN	NaN	NaN	NaN	NaN	NaN	NaN	478.0	7910
NaN	NaN	NaN	NaN	NaN	NaN	NaN	NaN	NaN	NaN	NaN	NaN	NaN	NaN	477.0	8140
NaN	NaN	NaN	NaN	NaN	NaN	NaN	NaN	NaN	NaN	NaN	NaN	NaN	NaN	476.0	8000
NaN	NaN	NaN	NaN	NaN	NaN	NaN	NaN	NaN	NaN	NaN	NaN	NaN	NaN	475.0	7825
NaN	NaN	NaN	NaN	NaN	NaN	NaN	NaN	NaN	NaN	NaN	NaN	NaN	NaN	474.0	8545
NaN	NaN	NaN	NaN	NaN	NaN	NaN	NaN	NaN	NaN	NaN	NaN	NaN	NaN	473.0	8130
NaN	NaN	NaN	NaN	NaN	NaN	NaN	NaN	NaN	NaN	NaN	NaN	NaN	NaN	472.0	8120
NaN	NaN	NaN	NaN	NaN	NaN	NaN	NaN	NaN	NaN	NaN	NaN	NaN	NaN	471.0	7940
NaN	NaN	NaN	NaN	NaN	NaN	NaN	NaN	NaN	NaN	NaN	NaN	NaN	NaN	470.0	8030
NaN	NaN	NaN	NaN	NaN	NaN	NaN	NaN	NaN	NaN	NaN	NaN	NaN	NaN	469.0	8225
NaN	NaN	NaN	NaN	NaN	NaN	NaN	NaN	NaN	NaN	NaN	NaN	NaN	NaN	468.0	8110
NaN	NaN	NaN	NaN	NaN	NaN	NaN	NaN	NaN	NaN	NaN	NaN	NaN	NaN	467.0	8085
NaN	NaN	NaN	NaN	NaN	NaN	NaN	NaN	NaN	NaN	NaN	NaN	NaN	NaN	466.0	8030
NaN	NaN	NaN	NaN	NaN	NaN	NaN	NaN	NaN	NaN	NaN	NaN	NaN	NaN	465.0	8250
NaN	NaN	NaN	NaN	NaN	NaN	NaN	NaN	NaN	NaN	NaN	NaN	NaN	NaN	464.0	8065
NaN	NaN	NaN	NaN	NaN	NaN	NaN	NaN	NaN	NaN	NaN	NaN	NaN	NaN	463.0	8140
NaN	NaN	NaN	NaN	NaN	NaN	NaN	NaN	NaN	NaN	NaN	NaN	NaN	NaN	462.0	8100
NaN	NaN	NaN	NaN	NaN	NaN	NaN	NaN	NaN	NaN	NaN	NaN	NaN	NaN	461.0	8330
NaN	NaN	NaN	NaN	NaN	NaN	NaN	NaN	NaN	NaN	NaN	NaN	NaN	NaN	460.0	8010
NaN	NaN	NaN	NaN	NaN	NaN	NaN	NaN	NaN	NaN	NaN	NaN	NaN	NaN	459.0	8330
NaN	NaN	NaN	NaN	NaN	NaN	NaN	NaN	NaN	NaN	NaN	NaN	NaN	NaN	458.0	8095
NaN	NaN	NaN	NaN	NaN	NaN	NaN	NaN	NaN	NaN	NaN	NaN	NaN	NaN	457.0	7415
NaN	NaN	NaN	NaN	NaN	NaN	NaN	NaN	NaN	NaN	NaN	NaN	NaN	NaN	456.0	8050
NaN	NaN	NaN	NaN	NaN	NaN	NaN	NaN	NaN	NaN	NaN	NaN	NaN	NaN	455.0	8215
NaN	NaN	NaN	NaN	NaN	NaN	NaN	NaN	NaN	NaN	NaN	NaN	NaN	NaN	454.0	8150
NaN	NaN	NaN	NaN	NaN	NaN	NaN	NaN	NaN	NaN	NaN	NaN	NaN	NaN	453.0	8115
NaN	NaN	NaN	NaN	NaN	NaN	NaN	NaN	NaN	NaN	NaN	NaN	NaN	NaN	452.0	8435
NaN	NaN	NaN	NaN	NaN	NaN	NaN	NaN	NaN	NaN	NaN	NaN	NaN	NaN	451.0	8215
NaN	NaN	NaN	NaN	NaN	NaN	NaN	NaN	NaN	NaN	NaN	NaN	NaN	NaN	450.0	8295
NaN	NaN	NaN	NaN	NaN	NaN	NaN	NaN	NaN	NaN	NaN	NaN	NaN	NaN	449.0	8255
NaN	NaN	NaN	NaN	NaN	NaN	NaN	NaN	NaN	NaN	NaN	NaN	NaN	NaN	448.0	8475
NaN	NaN	NaN	NaN	NaN	NaN	NaN	NaN	NaN	NaN	NaN	NaN	NaN	NaN	447.0	8395
NaN	NaN	NaN	NaN	NaN	NaN	NaN	NaN	NaN	NaN	NaN	NaN	NaN	NaN	446.0	8315
NaN	NaN	NaN	NaN	NaN	NaN	NaN	NaN	NaN	NaN	NaN	NaN	NaN	NaN	445.0	8595
NaN	NaN	NaN	NaN	NaN	NaN	NaN	NaN	NaN	NaN	NaN	NaN	NaN	NaN	444.0	8385
NaN	NaN	NaN	NaN	NaN	NaN	NaN	NaN	NaN	NaN	NaN	NaN	NaN	NaN	443.0	8640
NaN	NaN	NaN	NaN	NaN	NaN	NaN	NaN	NaN	NaN	NaN	NaN	NaN	NaN	442.0	8390
NaN	NaN	NaN	NaN	NaN	NaN	NaN	NaN	NaN	NaN	NaN	NaN	NaN	NaN	441.0	7785
NaN	NaN	NaN	NaN	NaN	NaN	NaN	NaN	NaN	NaN	NaN	NaN	NaN	NaN	440.0	8255
NaN	NaN	NaN	NaN	NaN	NaN	NaN	NaN	NaN	NaN	NaN	NaN	NaN	NaN	439.0	8505
NaN	NaN	NaN	NaN	NaN	NaN	NaN	NaN	NaN	NaN	NaN	NaN	NaN	NaN	438.0	8560
NaN	NaN	NaN	NaN	NaN	NaN	NaN	NaN	NaN	NaN	NaN	NaN	NaN	NaN	437.0	8420
NaN	NaN	NaN	NaN	NaN	NaN	NaN	NaN	NaN	NaN	NaN	NaN	NaN	NaN	436.0	8350
NaN	NaN	NaN	NaN	NaN	NaN	NaN	NaN	NaN	NaN	NaN	NaN	NaN	NaN	435.0	8550
NaN	NaN	NaN	NaN	NaN	NaN	NaN	NaN	NaN	NaN	NaN	NaN	NaN	NaN	434.0	8355
NaN	NaN	NaN	NaN	NaN	NaN	NaN	NaN	NaN	NaN	NaN	NaN	NaN	NaN	433.0	8995
NaN	NaN	NaN	NaN	NaN	NaN	NaN	NaN	NaN	NaN	NaN	NaN	NaN	NaN	432.0	8210
NaN	NaN	NaN	NaN	NaN	NaN	NaN	NaN	NaN	NaN	NaN	NaN	NaN	NaN	431.0	8490
NaN	NaN	NaN	NaN	NaN	NaN	NaN	NaN	NaN	NaN	NaN	NaN	NaN	NaN	430.0	8355
NaN	NaN	NaN	NaN	NaN	NaN	NaN	NaN	NaN	NaN	NaN	NaN	NaN	NaN	429.0	8670
NaN	NaN	NaN	NaN	NaN	NaN	NaN	NaN	NaN	NaN	NaN	NaN	NaN	NaN	428.0	8900
NaN	NaN	NaN	NaN	NaN	NaN	NaN	NaN	NaN	NaN	NaN	NaN	NaN	NaN	427.0	8685
NaN	NaN	NaN	NaN	NaN	NaN	NaN	NaN	NaN	NaN	NaN	NaN	NaN	NaN	426.0	8745
NaN	NaN	NaN	NaN	NaN	NaN	NaN	NaN	NaN	NaN	NaN	NaN	NaN	NaN	425.0	8810
NaN	NaN	NaN	NaN	NaN	NaN	NaN	NaN	NaN	NaN	NaN	NaN	NaN	NaN	424.0	8865
NaN	NaN	NaN	NaN	NaN	NaN	NaN	NaN	NaN	NaN	NaN	NaN	NaN	NaN	423.0	8605
NaN	NaN	NaN	NaN	NaN	NaN	NaN	NaN	NaN	NaN	NaN	NaN	NaN	NaN	422.0	8440
NaN	NaN	NaN	NaN	NaN	NaN	NaN	NaN	NaN	NaN	NaN	NaN	NaN	NaN	421.0	8700
NaN	NaN	NaN	NaN	NaN	NaN	NaN	NaN	NaN	NaN	NaN	NaN	NaN	NaN	420.0	8580
NaN	NaN	NaN	NaN	NaN	NaN	NaN	NaN	NaN	NaN	NaN	NaN	NaN	NaN	419.0	9135
NaN	NaN	NaN	NaN	NaN	NaN	NaN	NaN	NaN	NaN	NaN	NaN	NaN	NaN	418.0	8725
NaN	NaN	NaN	NaN	NaN	NaN	NaN	NaN	NaN	NaN	NaN	NaN	NaN	NaN	417.0	8540
NaN	NaN	NaN	NaN	NaN	NaN	NaN	NaN	NaN	NaN	NaN	NaN	NaN	NaN	416.0	8790
NaN	NaN	NaN	NaN	NaN	NaN	NaN	NaN	NaN	NaN	NaN	NaN	NaN	NaN	415.0	8980
NaN	NaN	NaN	NaN	NaN	NaN	NaN	NaN	NaN	NaN	NaN	NaN	NaN	NaN	414.0	8835
NaN	NaN	NaN	NaN	NaN	NaN	NaN	NaN	NaN	NaN	NaN	NaN	NaN	NaN	413.0	8815
NaN	NaN	NaN	NaN	NaN	NaN	NaN	NaN	NaN	NaN	NaN	NaN	NaN	NaN	412.0	9370
NaN	NaN	NaN	NaN	NaN	NaN	NaN	NaN	NaN	NaN	NaN	NaN	NaN	NaN	411.0	9245
NaN	NaN	NaN	NaN	NaN	NaN	NaN	NaN	NaN	NaN	NaN	NaN	NaN	NaN	410.0	8985
NaN	NaN	NaN	NaN	NaN	NaN	NaN	NaN	NaN	NaN	NaN	NaN	NaN	NaN	409.0	9340
NaN	NaN	NaN	NaN	NaN	NaN	NaN	NaN	NaN	NaN	NaN	NaN	NaN	NaN	408.0	9205
NaN	NaN	NaN	NaN	NaN	NaN	NaN	NaN	NaN	NaN	NaN	NaN	NaN	NaN	407.0	9055
NaN	NaN	NaN	NaN	NaN	NaN	NaN	NaN	NaN	NaN	NaN	NaN	NaN	NaN	406.0	9135
NaN	NaN	NaN	NaN	NaN	NaN	NaN	NaN	NaN	NaN	NaN	NaN	NaN	NaN	405.0	8815
NaN	NaN	NaN	NaN	NaN	NaN	NaN	NaN	NaN	NaN	NaN	NaN	NaN	NaN	404.0	9475
NaN	NaN	NaN	NaN	NaN	NaN	NaN	NaN	NaN	NaN	NaN	NaN	NaN	NaN	403.0	9590
NaN	NaN	NaN	NaN	NaN	NaN	NaN	NaN	NaN	NaN	NaN	NaN	NaN	NaN	402.0	9365
NaN	NaN	NaN	NaN	NaN	NaN	NaN	NaN	NaN	NaN	NaN	NaN	NaN	NaN	401.0	9500
NaN	NaN	NaN	NaN	NaN	NaN	NaN	NaN	NaN	NaN	NaN	NaN	NaN	NaN	400.0	9380
NaN	NaN	NaN	NaN	NaN	NaN	NaN	NaN	NaN	NaN	NaN	NaN	NaN	NaN	399.0	9705
NaN	NaN	NaN	NaN	NaN	NaN	NaN	NaN	NaN	NaN	NaN	NaN	NaN	NaN	398.0	9500
NaN	NaN	NaN	NaN	NaN	NaN	NaN	NaN	NaN	NaN	NaN	NaN	NaN	NaN	397.0	9410
NaN	NaN	NaN	NaN	NaN	NaN	NaN	NaN	NaN	NaN	NaN	NaN	NaN	NaN	396.0	9530
NaN	NaN	NaN	NaN	NaN	NaN	NaN	NaN	NaN	NaN	NaN	NaN	NaN	NaN	395.0	9245
NaN	NaN	NaN	NaN	NaN	NaN	NaN	NaN	NaN	NaN	NaN	NaN	NaN	NaN	394.0	9330
NaN	NaN	NaN	NaN	NaN	NaN	NaN	NaN	NaN	NaN	NaN	NaN	NaN	NaN	393.0	9620
NaN	NaN	NaN	NaN	NaN	NaN	NaN	NaN	NaN	NaN	NaN	NaN	NaN	NaN	392.0	9425
NaN	NaN	NaN	NaN	NaN	NaN	NaN	NaN	NaN	NaN	NaN	NaN	NaN	NaN	391.0	9460
NaN	NaN	NaN	NaN	NaN	NaN	NaN	NaN	NaN	NaN	NaN	NaN	NaN	NaN	390.0	9500
NaN	NaN	NaN	NaN	NaN	NaN	NaN	NaN	NaN	NaN	NaN	NaN	NaN	NaN	389.0	9365
NaN	NaN	NaN	NaN	NaN	NaN	NaN	NaN	NaN	NaN	NaN	NaN	NaN	NaN	388.0	9890
NaN	NaN	NaN	NaN	NaN	NaN	NaN	NaN	NaN	NaN	NaN	NaN	NaN	NaN	387.0	9800
NaN	NaN	NaN	NaN	NaN	NaN	NaN	NaN	NaN	NaN	NaN	NaN	NaN	NaN	386.0	9705
NaN	NaN	NaN	NaN	NaN	NaN	NaN	NaN	NaN	NaN	NaN	NaN	NaN	NaN	385.0	9600
NaN	NaN	NaN	NaN	NaN	NaN	NaN	NaN	NaN	NaN	NaN	NaN	NaN	NaN	384.0	9575
NaN	NaN	NaN	NaN	NaN	NaN	NaN	NaN	NaN	NaN	NaN	NaN	NaN	NaN	383.0	9730
NaN	NaN	NaN	NaN	NaN	NaN	NaN	NaN	NaN	NaN	NaN	NaN	NaN	NaN	382.0	9690
NaN	NaN	NaN	NaN	NaN	NaN	NaN	NaN	NaN	NaN	NaN	NaN	NaN	NaN	381.0	10115
NaN	NaN	NaN	NaN	NaN	NaN	NaN	NaN	NaN	NaN	NaN	NaN	NaN	NaN	380.0	9920
NaN	NaN	NaN	NaN	NaN	NaN	NaN	NaN	NaN	NaN	NaN	NaN	NaN	NaN	379.0	10035
NaN	NaN	NaN	NaN	NaN	NaN	NaN	NaN	NaN	NaN	NaN	NaN	NaN	NaN	378.0	9575
NaN	NaN	NaN	NaN	NaN	NaN	NaN	NaN	NaN	NaN	NaN	NaN	NaN	NaN	377.0	10005
NaN	NaN	NaN	NaN	NaN	NaN	NaN	NaN	NaN	NaN	NaN	NaN	NaN	NaN	376.0	10050
NaN	NaN	NaN	NaN	NaN	NaN	NaN	NaN	NaN	NaN	NaN	NaN	NaN	NaN	375.0	10440
NaN	NaN	NaN	NaN	NaN	NaN	NaN	NaN	NaN	NaN	NaN	NaN	NaN	NaN	374.0	9875
NaN	NaN	NaN	NaN	NaN	NaN	NaN	NaN	NaN	NaN	NaN	NaN	NaN	NaN	373.0	9665
NaN	NaN	NaN	NaN	NaN	NaN	NaN	NaN	NaN	NaN	NaN	NaN	NaN	NaN	372.0	9710
NaN	NaN	NaN	NaN	NaN	NaN	NaN	NaN	NaN	NaN	NaN	NaN	NaN	NaN	371.0	10090
NaN	NaN	NaN	NaN	NaN	NaN	NaN	NaN	NaN	NaN	NaN	NaN	NaN	NaN	370.0	10065
NaN	NaN	NaN	NaN	NaN	NaN	NaN	NaN	NaN	NaN	NaN	NaN	NaN	NaN	369.0	10025
NaN	NaN	NaN	NaN	NaN	NaN	NaN	NaN	NaN	NaN	NaN	NaN	NaN	NaN	368.0	10050
NaN	NaN	NaN	NaN	NaN	NaN	NaN	NaN	NaN	NaN	NaN	NaN	NaN	NaN	367.0	10355
NaN	NaN	NaN	NaN	NaN	NaN	NaN	NaN	NaN	NaN	NaN	NaN	NaN	NaN	366.0	10365
NaN	NaN	NaN	NaN	NaN	NaN	NaN	NaN	NaN	NaN	NaN	NaN	NaN	NaN	365.0	10385
NaN	NaN	NaN	NaN	NaN	NaN	NaN	NaN	NaN	NaN	NaN	NaN	NaN	NaN	364.0	10145
NaN	NaN	NaN	NaN	NaN	NaN	NaN	NaN	NaN	NaN	NaN	NaN	NaN	NaN	363.0	10205
NaN	NaN	NaN	NaN	NaN	NaN	NaN	NaN	NaN	NaN	NaN	NaN	NaN	NaN	362.0	10290
NaN	NaN	NaN	NaN	NaN	NaN	NaN	NaN	NaN	NaN	NaN	NaN	NaN	NaN	361.0	10520
NaN	NaN	NaN	NaN	NaN	NaN	NaN	NaN	NaN	NaN	NaN	NaN	NaN	NaN	360.0	10735
NaN	NaN	NaN	NaN	NaN	NaN	NaN	NaN	NaN	NaN	NaN	NaN	NaN	NaN	359.0	10900
NaN	NaN	NaN	NaN	NaN	NaN	NaN	NaN	NaN	NaN	NaN	NaN	NaN	NaN	358.0	11465
NaN	NaN	NaN	NaN	NaN	NaN	NaN	NaN	NaN	NaN	NaN	NaN	NaN	NaN	357.0	11710
NaN	NaN	NaN	NaN	NaN	NaN	NaN	NaN	NaN	NaN	NaN	NaN	NaN	NaN	356.0	12570
NaN	NaN	NaN	NaN	NaN	NaN	NaN	NaN	NaN	NaN	NaN	NaN	NaN	NaN	355.0	13685
NaN	NaN	NaN	NaN	NaN	NaN	NaN	NaN	NaN	NaN	NaN	NaN	NaN	NaN	354.0	15030
NaN	NaN	NaN	NaN	NaN	NaN	NaN	NaN	NaN	NaN	NaN	NaN	NaN	NaN	353.0	14685
NaN	NaN	NaN	NaN	NaN	NaN	NaN	NaN	NaN	NaN	NaN	NaN	NaN	NaN	352.0	13925
NaN	NaN	NaN	NaN	NaN	NaN	NaN	NaN	NaN	NaN	NaN	NaN	NaN	NaN	351.0	12420
NaN	NaN	NaN	NaN	NaN	NaN	NaN	NaN	NaN	NaN	NaN	NaN	NaN	NaN	350.0	11125
NaN	NaN	NaN	NaN	NaN	NaN	NaN	NaN	NaN	NaN	NaN	NaN	NaN	NaN	349.0	10455
NaN	NaN	NaN	NaN	NaN	NaN	NaN	NaN	NaN	NaN	NaN	NaN	NaN	NaN	348.0	9610
NaN	NaN	NaN	NaN	NaN	NaN	NaN	NaN	NaN	NaN	NaN	NaN	NaN	NaN	347.0	9485
NaN	NaN	NaN	NaN	NaN	NaN	NaN	NaN	NaN	NaN	NaN	NaN	NaN	NaN	346.0	9790
NaN	NaN	NaN	NaN	NaN	NaN	NaN	NaN	NaN	NaN	NaN	NaN	NaN	NaN	345.0	9570
NaN	NaN	NaN	NaN	NaN	NaN	NaN	NaN	NaN	NaN	NaN	NaN	NaN	NaN	344.0	9750
NaN	NaN	NaN	NaN	NaN	NaN	NaN	NaN	NaN	NaN	NaN	NaN	NaN	NaN	343.0	9615
NaN	NaN	NaN	NaN	NaN	NaN	NaN	NaN	NaN	NaN	NaN	NaN	NaN	NaN	342.0	9680
NaN	NaN	NaN	NaN	NaN	NaN	NaN	NaN	NaN	NaN	NaN	NaN	NaN	NaN	341.0	9965
NaN	NaN	NaN	NaN	NaN	NaN	NaN	NaN	NaN	NaN	NaN	NaN	NaN	NaN	340.0	9640
NaN	NaN	NaN	NaN	NaN	NaN	NaN	NaN	NaN	NaN	NaN	NaN	NaN	NaN	339.0	11010
NaN	NaN	NaN	NaN	NaN	NaN	NaN	NaN	NaN	NaN	NaN	NaN	NaN	NaN	338.0	12155
NaN	NaN	NaN	NaN	NaN	NaN	NaN	NaN	NaN	NaN	NaN	NaN	NaN	NaN	337.0	14310
NaN	NaN	NaN	NaN	NaN	NaN	NaN	NaN	NaN	NaN	NaN	NaN	NaN	NaN	336.0	16565
NaN	NaN	NaN	NaN	NaN	NaN	NaN	NaN	NaN	NaN	NaN	NaN	NaN	NaN	335.0	16220
NaN	NaN	NaN	NaN	NaN	NaN	NaN	NaN	NaN	NaN	NaN	NaN	NaN	NaN	334.0	15265
NaN	NaN	NaN	NaN	NaN	NaN	NaN	NaN	NaN	NaN	NaN	NaN	NaN	NaN	333.0	12520
NaN	NaN	NaN	NaN	NaN	NaN	NaN	NaN	NaN	NaN	NaN	NaN	NaN	NaN	332.0	9665
NaN	NaN	NaN	NaN	NaN	NaN	NaN	NaN	NaN	NaN	NaN	NaN	NaN	NaN	331.0	8780
NaN	NaN	NaN	NaN	NaN	NaN	NaN	NaN	NaN	NaN	NaN	NaN	NaN	NaN	330.0	8210
NaN	NaN	NaN	NaN	NaN	NaN	NaN	NaN	NaN	NaN	NaN	NaN	NaN	NaN	329.0	7870
NaN	NaN	NaN	NaN	NaN	NaN	NaN	NaN	NaN	NaN	NaN	NaN	NaN	NaN	328.0	7355
NaN	NaN	NaN	NaN	NaN	NaN	NaN	NaN	NaN	NaN	NaN	NaN	NaN	NaN	327.0	7610
NaN	NaN	NaN	NaN	NaN	NaN	NaN	NaN	NaN	NaN	NaN	NaN	NaN	NaN	326.0	7160
NaN	NaN	NaN	NaN	NaN	NaN	NaN	NaN	NaN	NaN	NaN	NaN	NaN	NaN	325.0	7280
NaN	NaN	NaN	NaN	NaN	NaN	NaN	NaN	NaN	NaN	NaN	NaN	NaN	NaN	324.0	6930
NaN	NaN	NaN	NaN	NaN	NaN	NaN	NaN	NaN	NaN	NaN	NaN	NaN	NaN	323.0	6640
NaN	NaN	NaN	NaN	NaN	NaN	NaN	NaN	NaN	NaN	NaN	NaN	NaN	NaN	322.0	6640
NaN	NaN	NaN	NaN	NaN	NaN	NaN	NaN	NaN	NaN	NaN	NaN	NaN	NaN	321.0	6325
NaN	NaN	NaN	NaN	NaN	NaN	NaN	NaN	NaN	NaN	NaN	NaN	NaN	NaN	320.0	6160
NaN	NaN	NaN	NaN	NaN	NaN	NaN	NaN	NaN	NaN	NaN	NaN	NaN	NaN	319.0	6245
NaN	NaN	NaN	NaN	NaN	NaN	NaN	NaN	NaN	NaN	NaN	NaN	NaN	NaN	318.0	5910
NaN	NaN	NaN	NaN	NaN	NaN	NaN	NaN	NaN	NaN	NaN	NaN	NaN	NaN	317.0	5715
NaN	NaN	NaN	NaN	NaN	NaN	NaN	NaN	NaN	NaN	NaN	NaN	NaN	NaN	316.0	5785
NaN	NaN	NaN	NaN	NaN	NaN	NaN	NaN	NaN	NaN	NaN	NaN	NaN	NaN	315.0	6100
NaN	NaN	NaN	NaN	NaN	NaN	NaN	NaN	NaN	NaN	NaN	NaN	NaN	NaN	314.0	5975
NaN	NaN	NaN	NaN	NaN	NaN	NaN	NaN	NaN	NaN	NaN	NaN	NaN	NaN	313.0	5725
NaN	NaN	NaN	NaN	NaN	NaN	NaN	NaN	NaN	NaN	NaN	NaN	NaN	NaN	312.0	5320
NaN	NaN	NaN	NaN	NaN	NaN	NaN	NaN	NaN	NaN	NaN	NaN	NaN	NaN	311.0	5460
NaN	NaN	NaN	NaN	NaN	NaN	NaN	NaN	NaN	NaN	NaN	NaN	NaN	NaN	310.0	6115
NaN	NaN	NaN	NaN	NaN	NaN	NaN	NaN	NaN	NaN	NaN	NaN	NaN	NaN	309.0	5915
NaN	NaN	NaN	NaN	NaN	NaN	NaN	NaN	NaN	NaN	NaN	NaN	NaN	NaN	308.0	5565
NaN	NaN	NaN	NaN	NaN	NaN	NaN	NaN	NaN	NaN	NaN	NaN	NaN	NaN	307.0	5535
NaN	NaN	NaN	NaN	NaN	NaN	NaN	NaN	NaN	NaN	NaN	NaN	NaN	NaN	306.0	5750
NaN	NaN	NaN	NaN	NaN	NaN	NaN	NaN	NaN	NaN	NaN	NaN	NaN	NaN	305.0	5495
NaN	NaN	NaN	NaN	NaN	NaN	NaN	NaN	NaN	NaN	NaN	NaN	NaN	NaN	304.0	5380
NaN	NaN	NaN	NaN	NaN	NaN	NaN	NaN	NaN	NaN	NaN	NaN	NaN	NaN	303.0	5740
NaN	NaN	NaN	NaN	NaN	NaN	NaN	NaN	NaN	NaN	NaN	NaN	NaN	NaN	302.0	5740
NaN	NaN	NaN	NaN	NaN	NaN	NaN	NaN	NaN	NaN	NaN	NaN	NaN	NaN	301.0	5490
NaN	NaN	NaN	NaN	NaN	NaN	NaN	NaN	NaN	NaN	NaN	NaN	NaN	NaN	300.0	5390
NaN	NaN	NaN	NaN	NaN	NaN	NaN	NaN	NaN	NaN	NaN	NaN	NaN	NaN	299.0	5150
NaN	NaN	NaN	NaN	NaN	NaN	NaN	NaN	NaN	NaN	NaN	NaN	NaN	NaN	298.0	5775
NaN	NaN	NaN	NaN	NaN	NaN	NaN	NaN	NaN	NaN	NaN	NaN	NaN	NaN	297.0	5785
NaN	NaN	NaN	NaN	NaN	NaN	NaN	NaN	NaN	NaN	NaN	NaN	NaN	NaN	296.0	5235
NaN	NaN	NaN	NaN	NaN	NaN	NaN	NaN	NaN	NaN	NaN	NaN	NaN	NaN	295.0	5825
NaN	NaN	NaN	NaN	NaN	NaN	NaN	NaN	NaN	NaN	NaN	NaN	NaN	NaN	294.0	5660
NaN	NaN	NaN	NaN	NaN	NaN	NaN	NaN	NaN	NaN	NaN	NaN	NaN	NaN	293.0	5455
NaN	NaN	NaN	NaN	NaN	NaN	NaN	NaN	NaN	NaN	NaN	NaN	NaN	NaN	292.0	5530
NaN	NaN	NaN	NaN	NaN	NaN	NaN	NaN	NaN	NaN	NaN	NaN	NaN	NaN	291.0	5530
NaN	NaN	NaN	NaN	NaN	NaN	NaN	NaN	NaN	NaN	NaN	NaN	NaN	NaN	290.0	5475
NaN	NaN	NaN	NaN	NaN	NaN	NaN	NaN	NaN	NaN	NaN	NaN	NaN	NaN	289.0	5780
NaN	NaN	NaN	NaN	NaN	NaN	NaN	NaN	NaN	NaN	NaN	NaN	NaN	NaN	288.0	5720
NaN	NaN	NaN	NaN	NaN	NaN	NaN	NaN	NaN	NaN	NaN	NaN	NaN	NaN	287.0	6320
NaN	NaN	NaN	NaN	NaN	NaN	NaN	NaN	NaN	NaN	NaN	NaN	NaN	NaN	286.0	6315
NaN	NaN	NaN	NaN	NaN	NaN	NaN	NaN	NaN	NaN	NaN	NaN	NaN	NaN	285.0	6700
NaN	NaN	NaN	NaN	NaN	NaN	NaN	NaN	NaN	NaN	NaN	NaN	NaN	NaN	284.0	6320
NaN	NaN	NaN	NaN	NaN	NaN	NaN	NaN	NaN	NaN	NaN	NaN	NaN	NaN	283.0	5880
NaN	NaN	NaN	NaN	NaN	NaN	NaN	NaN	NaN	NaN	NaN	NaN	NaN	NaN	282.0	5510
NaN	NaN	NaN	NaN	NaN	NaN	NaN	NaN	NaN	NaN	NaN	NaN	NaN	NaN	281.0	5755
NaN	NaN	NaN	NaN	NaN	NaN	NaN	NaN	NaN	NaN	NaN	NaN	NaN	NaN	280.0	5465
NaN	NaN	NaN	NaN	NaN	NaN	NaN	NaN	NaN	NaN	NaN	NaN	NaN	NaN	279.0	5510
NaN	NaN	NaN	NaN	NaN	NaN	NaN	NaN	NaN	NaN	NaN	NaN	NaN	NaN	278.0	5275
NaN	NaN	NaN	NaN	NaN	NaN	NaN	NaN	NaN	NaN	NaN	NaN	NaN	NaN	277.0	5480
NaN	NaN	NaN	NaN	NaN	NaN	NaN	NaN	NaN	NaN	NaN	NaN	NaN	NaN	276.0	5770
NaN	NaN	NaN	NaN	NaN	NaN	NaN	NaN	NaN	NaN	NaN	NaN	NaN	NaN	275.0	5535
NaN	NaN	NaN	NaN	NaN	NaN	NaN	NaN	NaN	NaN	NaN	NaN	NaN	NaN	274.0	5715
NaN	NaN	NaN	NaN	NaN	NaN	NaN	NaN	NaN	NaN	NaN	NaN	NaN	NaN	273.0	5570
NaN	NaN	NaN	NaN	NaN	NaN	NaN	NaN	NaN	NaN	NaN	NaN	NaN	NaN	272.0	5720
NaN	NaN	NaN	NaN	NaN	NaN	NaN	NaN	NaN	NaN	NaN	NaN	NaN	NaN	271.0	5560
NaN	NaN	NaN	NaN	NaN	NaN	NaN	NaN	NaN	NaN	NaN	NaN	NaN	NaN	270.0	5305
NaN	NaN	NaN	NaN	NaN	NaN	NaN	NaN	NaN	NaN	NaN	NaN	NaN	NaN	269.0	5630
NaN	NaN	NaN	NaN	NaN	NaN	NaN	NaN	NaN	NaN	NaN	NaN	NaN	NaN	268.0	5760
NaN	NaN	NaN	NaN	NaN	NaN	NaN	NaN	NaN	NaN	NaN	NaN	NaN	NaN	267.0	5615
NaN	NaN	NaN	NaN	NaN	NaN	NaN	NaN	NaN	NaN	NaN	NaN	NaN	NaN	266.0	5650
NaN	NaN	NaN	NaN	NaN	NaN	NaN	NaN	NaN	NaN	NaN	NaN	NaN	NaN	265.0	5625
NaN	NaN	NaN	NaN	NaN	NaN	NaN	NaN	NaN	NaN	NaN	NaN	NaN	NaN	264.0	5555
NaN	NaN	NaN	NaN	NaN	NaN	NaN	NaN	NaN	NaN	NaN	NaN	NaN	NaN	263.0	5595
NaN	NaN	NaN	NaN	NaN	NaN	NaN	NaN	NaN	NaN	NaN	NaN	NaN	NaN	262.0	5805
NaN	NaN	NaN	NaN	NaN	NaN	NaN	NaN	NaN	NaN	NaN	NaN	NaN	NaN	261.0	5625
NaN	NaN	NaN	NaN	NaN	NaN	NaN	NaN	NaN	NaN	NaN	NaN	NaN	NaN	260.0	5985
NaN	NaN	NaN	NaN	NaN	NaN	NaN	NaN	NaN	NaN	NaN	NaN	NaN	NaN	259.0	5345
NaN	NaN	NaN	NaN	NaN	NaN	NaN	NaN	NaN	NaN	NaN	NaN	NaN	NaN	258.0	5470
NaN	NaN	NaN	NaN	NaN	NaN	NaN	NaN	NaN	NaN	NaN	NaN	NaN	NaN	257.0	5460
NaN	NaN	NaN	NaN	NaN	NaN	NaN	NaN	NaN	NaN	NaN	NaN	NaN	NaN	256.0	5585
NaN	NaN	NaN	NaN	NaN	NaN	NaN	NaN	NaN	NaN	NaN	NaN	NaN	NaN	255.0	5770
NaN	NaN	NaN	NaN	NaN	NaN	NaN	NaN	NaN	NaN	NaN	NaN	NaN	NaN	254.0	5375
NaN	NaN	NaN	NaN	NaN	NaN	NaN	NaN	NaN	NaN	NaN	NaN	NaN	NaN	253.0	5500
NaN	NaN	NaN	NaN	NaN	NaN	NaN	NaN	NaN	NaN	NaN	NaN	NaN	NaN	252.0	5405
NaN	NaN	NaN	NaN	NaN	NaN	NaN	NaN	NaN	NaN	NaN	NaN	NaN	NaN	251.0	5620
NaN	NaN	NaN	NaN	NaN	NaN	NaN	NaN	NaN	NaN	NaN	NaN	NaN	NaN	250.0	5390
NaN	NaN	NaN	NaN	NaN	NaN	NaN	NaN	NaN	NaN	NaN	NaN	NaN	NaN	249.0	5605
NaN	NaN	NaN	NaN	NaN	NaN	NaN	NaN	NaN	NaN	NaN	NaN	NaN	NaN	248.0	5570
NaN	NaN	NaN	NaN	NaN	NaN	NaN	NaN	NaN	NaN	NaN	NaN	NaN	NaN	247.0	5790
NaN	NaN	NaN	NaN	NaN	NaN	NaN	NaN	NaN	NaN	NaN	NaN	NaN	NaN	246.0	5610
NaN	NaN	NaN	NaN	NaN	NaN	NaN	NaN	NaN	NaN	NaN	NaN	NaN	NaN	245.0	5670
NaN	NaN	NaN	NaN	NaN	NaN	NaN	NaN	NaN	NaN	NaN	NaN	NaN	NaN	244.0	5595
NaN	NaN	NaN	NaN	NaN	NaN	NaN	NaN	NaN	NaN	NaN	NaN	NaN	NaN	243.0	5245
NaN	NaN	NaN	NaN	NaN	NaN	NaN	NaN	NaN	NaN	NaN	NaN	NaN	NaN	242.0	5490
NaN	NaN	NaN	NaN	NaN	NaN	NaN	NaN	NaN	NaN	NaN	NaN	NaN	NaN	241.0	5690
NaN	NaN	NaN	NaN	NaN	NaN	NaN	NaN	NaN	NaN	NaN	NaN	NaN	NaN	240.0	5590
NaN	NaN	NaN	NaN	NaN	NaN	NaN	NaN	NaN	NaN	NaN	NaN	NaN	NaN	239.0	5685
NaN	NaN	NaN	NaN	NaN	NaN	NaN	NaN	NaN	NaN	NaN	NaN	NaN	NaN	238.0	5670
NaN	NaN	NaN	NaN	NaN	NaN	NaN	NaN	NaN	NaN	NaN	NaN	NaN	NaN	237.0	5585
NaN	NaN	NaN	NaN	NaN	NaN	NaN	NaN	NaN	NaN	NaN	NaN	NaN	NaN	236.0	5305
NaN	NaN	NaN	NaN	NaN	NaN	NaN	NaN	NaN	NaN	NaN	NaN	NaN	NaN	235.0	5670
NaN	NaN	NaN	NaN	NaN	NaN	NaN	NaN	NaN	NaN	NaN	NaN	NaN	NaN	234.0	5645
NaN	NaN	NaN	NaN	NaN	NaN	NaN	NaN	NaN	NaN	NaN	NaN	NaN	NaN	233.0	6035
NaN	NaN	NaN	NaN	NaN	NaN	NaN	NaN	NaN	NaN	NaN	NaN	NaN	NaN	232.0	5700
NaN	NaN	NaN	NaN	NaN	NaN	NaN	NaN	NaN	NaN	NaN	NaN	NaN	NaN	231.0	5595
NaN	NaN	NaN	NaN	NaN	NaN	NaN	NaN	NaN	NaN	NaN	NaN	NaN	NaN	230.0	5930
NaN	NaN	NaN	NaN	NaN	NaN	NaN	NaN	NaN	NaN	NaN	NaN	NaN	NaN	229.0	5920
NaN	NaN	NaN	NaN	NaN	NaN	NaN	NaN	NaN	NaN	NaN	NaN	NaN	NaN	228.0	5700
NaN	NaN	NaN	NaN	NaN	NaN	NaN	NaN	NaN	NaN	NaN	NaN	NaN	NaN	227.0	5575
NaN	NaN	NaN	NaN	NaN	NaN	NaN	NaN	NaN	NaN	NaN	NaN	NaN	NaN	226.0	5630
NaN	NaN	NaN	NaN	NaN	NaN	NaN	NaN	NaN	NaN	NaN	NaN	NaN	NaN	225.0	5370
NaN	NaN	NaN	NaN	NaN	NaN	NaN	NaN	NaN	NaN	NaN	NaN	NaN	NaN	224.0	5870
NaN	NaN	NaN	NaN	NaN	NaN	NaN	NaN	NaN	NaN	NaN	NaN	NaN	NaN	223.0	5670
NaN	NaN	NaN	NaN	NaN	NaN	NaN	NaN	NaN	NaN	NaN	NaN	NaN	NaN	222.0	5660
NaN	NaN	NaN	NaN	NaN	NaN	NaN	NaN	NaN	NaN	NaN	NaN	NaN	NaN	221.0	5875
NaN	NaN	NaN	NaN	NaN	NaN	NaN	NaN	NaN	NaN	NaN	NaN	NaN	NaN	220.0	5900
NaN	NaN	NaN	NaN	NaN	NaN	NaN	NaN	NaN	NaN	NaN	NaN	NaN	NaN	219.0	5795
NaN	NaN	NaN	NaN	NaN	NaN	NaN	NaN	NaN	NaN	NaN	NaN	NaN	NaN	218.0	5750
NaN	NaN	NaN	NaN	NaN	NaN	NaN	NaN	NaN	NaN	NaN	NaN	NaN	NaN	217.0	5485
NaN	NaN	NaN	NaN	NaN	NaN	NaN	NaN	NaN	NaN	NaN	NaN	NaN	NaN	216.0	5870
NaN	NaN	NaN	NaN	NaN	NaN	NaN	NaN	NaN	NaN	NaN	NaN	NaN	NaN	215.0	5975
NaN	NaN	NaN	NaN	NaN	NaN	NaN	NaN	NaN	NaN	NaN	NaN	NaN	NaN	214.0	5870
NaN	NaN	NaN	NaN	NaN	NaN	NaN	NaN	NaN	NaN	NaN	NaN	NaN	NaN	213.0	5560
NaN	NaN	NaN	NaN	NaN	NaN	NaN	NaN	NaN	NaN	NaN	NaN	NaN	NaN	212.0	6030
NaN	NaN	NaN	NaN	NaN	NaN	NaN	NaN	NaN	NaN	NaN	NaN	NaN	NaN	211.0	5860
NaN	NaN	NaN	NaN	NaN	NaN	NaN	NaN	NaN	NaN	NaN	NaN	NaN	NaN	210.0	6045
NaN	NaN	NaN	NaN	NaN	NaN	NaN	NaN	NaN	NaN	NaN	NaN	NaN	NaN	209.0	5825
NaN	NaN	NaN	NaN	NaN	NaN	NaN	NaN	NaN	NaN	NaN	NaN	NaN	NaN	208.0	5935
NaN	NaN	NaN	NaN	NaN	NaN	NaN	NaN	NaN	NaN	NaN	NaN	NaN	NaN	207.0	5730
NaN	NaN	NaN	NaN	NaN	NaN	NaN	NaN	NaN	NaN	NaN	NaN	NaN	NaN	206.0	5775
NaN	NaN	NaN	NaN	NaN	NaN	NaN	NaN	NaN	NaN	NaN	NaN	NaN	NaN	205.0	6305
NaN	NaN	NaN	NaN	NaN	NaN	NaN	NaN	NaN	NaN	NaN	NaN	NaN	NaN	204.0	5990
NaN	NaN	NaN	NaN	NaN	NaN	NaN	NaN	NaN	NaN	NaN	NaN	NaN	NaN	203.0	5950
NaN	NaN	NaN	NaN	NaN	NaN	NaN	NaN	NaN	NaN	NaN	NaN	NaN	NaN	202.0	5915
NaN	NaN	NaN	NaN	NaN	NaN	NaN	NaN	NaN	NaN	NaN	NaN	NaN	NaN	201.0	5560
NaN	NaN	NaN	NaN	NaN	NaN	NaN	NaN	NaN	NaN	NaN	NaN	NaN	NaN	200.0	6035
NaN	NaN	NaN	NaN	NaN	NaN	NaN	NaN	NaN	NaN	NaN	NaN	NaN	NaN	199.0	5785
NaN	NaN	NaN	NaN	NaN	NaN	NaN	NaN	NaN	NaN	NaN	NaN	NaN	NaN	198.0	5910
NaN	NaN	NaN	NaN	NaN	NaN	NaN	NaN	NaN	NaN	NaN	NaN	NaN	NaN	197.0	5830
NaN	NaN	NaN	NaN	NaN	NaN	NaN	NaN	NaN	NaN	NaN	NaN	NaN	NaN	196.0	6055
NaN	NaN	NaN	NaN	NaN	NaN	NaN	NaN	NaN	NaN	NaN	NaN	NaN	NaN	195.0	6245
NaN	NaN	NaN	NaN	NaN	NaN	NaN	NaN	NaN	NaN	NaN	NaN	NaN	NaN	194.0	6280
NaN	NaN	NaN	NaN	NaN	NaN	NaN	NaN	NaN	NaN	NaN	NaN	NaN	NaN	193.0	5770
NaN	NaN	NaN	NaN	NaN	NaN	NaN	NaN	NaN	NaN	NaN	NaN	NaN	NaN	192.0	5995
NaN	NaN	NaN	NaN	NaN	NaN	NaN	NaN	NaN	NaN	NaN	NaN	NaN	NaN	191.0	6220
NaN	NaN	NaN	NaN	NaN	NaN	NaN	NaN	NaN	NaN	NaN	NaN	NaN	NaN	190.0	6060
NaN	NaN	NaN	NaN	NaN	NaN	NaN	NaN	NaN	NaN	NaN	NaN	NaN	NaN	189.0	6150
NaN	NaN	NaN	NaN	NaN	NaN	NaN	NaN	NaN	NaN	NaN	NaN	NaN	NaN	188.0	5860
NaN	NaN	NaN	NaN	NaN	NaN	NaN	NaN	NaN	NaN	NaN	NaN	NaN	NaN	187.0	6190
NaN	NaN	NaN	NaN	NaN	NaN	NaN	NaN	NaN	NaN	NaN	NaN	NaN	NaN	186.0	6375
NaN	NaN	NaN	NaN	NaN	NaN	NaN	NaN	NaN	NaN	NaN	NaN	NaN	NaN	185.0	5920
NaN	NaN	NaN	NaN	NaN	NaN	NaN	NaN	NaN	NaN	NaN	NaN	NaN	NaN	184.0	6660
NaN	NaN	NaN	NaN	NaN	NaN	NaN	NaN	NaN	NaN	NaN	NaN	NaN	NaN	183.0	6180
NaN	NaN	NaN	NaN	NaN	NaN	NaN	NaN	NaN	NaN	NaN	NaN	NaN	NaN	182.0	6570
NaN	NaN	NaN	NaN	NaN	NaN	NaN	NaN	NaN	NaN	NaN	NaN	NaN	NaN	181.0	6125
NaN	NaN	NaN	NaN	NaN	NaN	NaN	NaN	NaN	NaN	NaN	NaN	NaN	NaN	180.0	5790
NaN	NaN	NaN	NaN	NaN	NaN	NaN	NaN	NaN	NaN	NaN	NaN	NaN	NaN	179.0	5875
NaN	NaN	NaN	NaN	NaN	NaN	NaN	NaN	NaN	NaN	NaN	NaN	NaN	NaN	178.0	6080
NaN	NaN	NaN	NaN	NaN	NaN	NaN	NaN	NaN	NaN	NaN	NaN	NaN	NaN	177.0	5975
NaN	NaN	NaN	NaN	NaN	NaN	NaN	NaN	NaN	NaN	NaN	NaN	NaN	NaN	176.0	6130
NaN	NaN	NaN	NaN	NaN	NaN	NaN	NaN	NaN	NaN	NaN	NaN	NaN	NaN	175.0	6180
NaN	NaN	NaN	NaN	NaN	NaN	NaN	NaN	NaN	NaN	NaN	NaN	NaN	NaN	174.0	6735
NaN	NaN	NaN	NaN	NaN	NaN	NaN	NaN	NaN	NaN	NaN	NaN	NaN	NaN	173.0	6350
NaN	NaN	NaN	NaN	NaN	NaN	NaN	NaN	NaN	NaN	NaN	NaN	NaN	NaN	172.0	6730
NaN	NaN	NaN	NaN	NaN	NaN	NaN	NaN	NaN	NaN	NaN	NaN	NaN	NaN	171.0	6435
NaN	NaN	NaN	NaN	NaN	NaN	NaN	NaN	NaN	NaN	NaN	NaN	NaN	NaN	170.0	6130
NaN	NaN	NaN	NaN	NaN	NaN	NaN	NaN	NaN	NaN	NaN	NaN	NaN	NaN	169.0	6590
NaN	NaN	NaN	NaN	NaN	NaN	NaN	NaN	NaN	NaN	NaN	NaN	NaN	NaN	168.0	6245
NaN	NaN	NaN	NaN	NaN	NaN	NaN	NaN	NaN	NaN	NaN	NaN	NaN	NaN	167.0	6105
NaN	NaN	NaN	NaN	NaN	NaN	NaN	NaN	NaN	NaN	NaN	NaN	NaN	NaN	166.0	6115
NaN	NaN	NaN	NaN	NaN	NaN	NaN	NaN	NaN	NaN	NaN	NaN	NaN	NaN	165.0	6025
NaN	NaN	NaN	NaN	NaN	NaN	NaN	NaN	NaN	NaN	NaN	NaN	NaN	NaN	164.0	6205
NaN	NaN	NaN	NaN	NaN	NaN	NaN	NaN	NaN	NaN	NaN	NaN	NaN	NaN	163.0	6055
NaN	NaN	NaN	NaN	NaN	NaN	NaN	NaN	NaN	NaN	NaN	NaN	NaN	NaN	162.0	6245
NaN	NaN	NaN	NaN	NaN	NaN	NaN	NaN	NaN	NaN	NaN	NaN	NaN	NaN	161.0	6190
NaN	NaN	NaN	NaN	NaN	NaN	NaN	NaN	NaN	NaN	NaN	NaN	NaN	NaN	160.0	6505
NaN	NaN	NaN	NaN	NaN	NaN	NaN	NaN	NaN	NaN	NaN	NaN	NaN	NaN	159.0	6440
NaN	NaN	NaN	NaN	NaN	NaN	NaN	NaN	NaN	NaN	NaN	NaN	NaN	NaN	158.0	6375
NaN	NaN	NaN	NaN	NaN	NaN	NaN	NaN	NaN	NaN	NaN	NaN	NaN	NaN	157.0	6180
NaN	NaN	NaN	NaN	NaN	NaN	NaN	NaN	NaN	NaN	NaN	NaN	NaN	NaN	156.0	6405
NaN	NaN	NaN	NaN	NaN	NaN	NaN	NaN	NaN	NaN	NaN	NaN	NaN	NaN	155.0	6675
NaN	NaN	NaN	NaN	NaN	NaN	NaN	NaN	NaN	NaN	NaN	NaN	NaN	NaN	154.0	6755
NaN	NaN	NaN	NaN	NaN	NaN	NaN	NaN	NaN	NaN	NaN	NaN	NaN	NaN	153.0	7015
NaN	NaN	NaN	NaN	NaN	NaN	NaN	NaN	NaN	NaN	NaN	NaN	NaN	NaN	152.0	6290
NaN	NaN	NaN	NaN	NaN	NaN	NaN	NaN	NaN	NaN	NaN	NaN	NaN	NaN	151.0	6610
NaN	NaN	NaN	NaN	NaN	NaN	NaN	NaN	NaN	NaN	NaN	NaN	NaN	NaN	150.0	7020
NaN	NaN	NaN	NaN	NaN	NaN	NaN	NaN	NaN	NaN	NaN	NaN	NaN	NaN	149.0	6680
NaN	NaN	NaN	NaN	NaN	NaN	NaN	NaN	NaN	NaN	NaN	NaN	NaN	NaN	148.0	6555
NaN	NaN	NaN	NaN	NaN	NaN	NaN	NaN	NaN	NaN	NaN	NaN	NaN	NaN	147.0	6415
NaN	NaN	NaN	NaN	NaN	NaN	NaN	NaN	NaN	NaN	NaN	NaN	NaN	NaN	146.0	6565
NaN	NaN	NaN	NaN	NaN	NaN	NaN	NaN	NaN	NaN	NaN	NaN	NaN	NaN	145.0	6405
NaN	NaN	NaN	NaN	NaN	NaN	NaN	NaN	NaN	NaN	NaN	NaN	NaN	NaN	144.0	6790
NaN	NaN	NaN	NaN	NaN	NaN	NaN	NaN	NaN	NaN	NaN	NaN	NaN	NaN	143.0	6470
NaN	NaN	NaN	NaN	NaN	NaN	NaN	NaN	NaN	NaN	NaN	NaN	NaN	NaN	142.0	6735
NaN	NaN	NaN	NaN	NaN	NaN	NaN	NaN	NaN	NaN	NaN	NaN	NaN	NaN	141.0	7040
NaN	NaN	NaN	NaN	NaN	NaN	NaN	NaN	NaN	NaN	NaN	NaN	NaN	NaN	140.0	6350
NaN	NaN	NaN	NaN	NaN	NaN	NaN	NaN	NaN	NaN	NaN	NaN	NaN	NaN	139.0	6570
NaN	NaN	NaN	NaN	NaN	NaN	NaN	NaN	NaN	NaN	NaN	NaN	NaN	NaN	138.0	6790
NaN	NaN	NaN	NaN	NaN	NaN	NaN	NaN	NaN	NaN	NaN	NaN	NaN	NaN	137.0	6780
NaN	NaN	NaN	NaN	NaN	NaN	NaN	NaN	NaN	NaN	NaN	NaN	NaN	NaN	136.0	6825
NaN	NaN	NaN	NaN	NaN	NaN	NaN	NaN	NaN	NaN	NaN	NaN	NaN	NaN	135.0	6825
NaN	NaN	NaN	NaN	NaN	NaN	NaN	NaN	NaN	NaN	NaN	NaN	NaN	NaN	134.0	6710
NaN	NaN	NaN	NaN	NaN	NaN	NaN	NaN	NaN	NaN	NaN	NaN	NaN	NaN	133.0	6960
NaN	NaN	NaN	NaN	NaN	NaN	NaN	NaN	NaN	NaN	NaN	NaN	NaN	NaN	132.0	7130
NaN	NaN	NaN	NaN	NaN	NaN	NaN	NaN	NaN	NaN	NaN	NaN	NaN	NaN	131.0	6895
NaN	NaN	NaN	NaN	NaN	NaN	NaN	NaN	NaN	NaN	NaN	NaN	NaN	NaN	130.0	6955
NaN	NaN	NaN	NaN	NaN	NaN	NaN	NaN	NaN	NaN	NaN	NaN	NaN	NaN	129.0	6940
NaN	NaN	NaN	NaN	NaN	NaN	NaN	NaN	NaN	NaN	NaN	NaN	NaN	NaN	128.0	7070
NaN	NaN	NaN	NaN	NaN	NaN	NaN	NaN	NaN	NaN	NaN	NaN	NaN	NaN	127.0	7335
NaN	NaN	NaN	NaN	NaN	NaN	NaN	NaN	NaN	NaN	NaN	NaN	NaN	NaN	126.0	7000
NaN	NaN	NaN	NaN	NaN	NaN	NaN	NaN	NaN	NaN	NaN	NaN	NaN	NaN	125.0	7215
NaN	NaN	NaN	NaN	NaN	NaN	NaN	NaN	NaN	NaN	NaN	NaN	NaN	NaN	124.0	7260
NaN	NaN	NaN	NaN	NaN	NaN	NaN	NaN	NaN	NaN	NaN	NaN	NaN	NaN	123.0	7415
NaN	NaN	NaN	NaN	NaN	NaN	NaN	NaN	NaN	NaN	NaN	NaN	NaN	NaN	122.0	7075
NaN	NaN	NaN	NaN	NaN	NaN	NaN	NaN	NaN	NaN	NaN	NaN	NaN	NaN	121.0	7570
NaN	NaN	NaN	NaN	NaN	NaN	NaN	NaN	NaN	NaN	NaN	NaN	NaN	NaN	120.0	7530
NaN	NaN	NaN	NaN	NaN	NaN	NaN	NaN	NaN	NaN	NaN	NaN	NaN	NaN	119.0	7350
NaN	NaN	NaN	NaN	NaN	NaN	NaN	NaN	NaN	NaN	NaN	NaN	NaN	NaN	118.0	7485
NaN	NaN	NaN	NaN	NaN	NaN	NaN	NaN	NaN	NaN	NaN	NaN	NaN	NaN	117.0	7650
NaN	NaN	NaN	NaN	NaN	NaN	NaN	NaN	NaN	NaN	NaN	NaN	NaN	NaN	116.0	7820
NaN	NaN	NaN	NaN	NaN	NaN	NaN	NaN	NaN	NaN	NaN	NaN	NaN	NaN	115.0	7545
NaN	NaN	NaN	NaN	NaN	NaN	NaN	NaN	NaN	NaN	NaN	NaN	NaN	NaN	114.0	7340
NaN	NaN	NaN	NaN	NaN	NaN	NaN	NaN	NaN	NaN	NaN	NaN	NaN	NaN	113.0	7395
NaN	NaN	NaN	NaN	NaN	NaN	NaN	NaN	NaN	NaN	NaN	NaN	NaN	NaN	112.0	7755
NaN	NaN	NaN	NaN	NaN	NaN	NaN	NaN	NaN	NaN	NaN	NaN	NaN	NaN	111.0	7695
NaN	NaN	NaN	NaN	NaN	NaN	NaN	NaN	NaN	NaN	NaN	NaN	NaN	NaN	110.0	7885
NaN	NaN	NaN	NaN	NaN	NaN	NaN	NaN	NaN	NaN	NaN	NaN	NaN	NaN	109.0	7500
NaN	NaN	NaN	NaN	NaN	NaN	NaN	NaN	NaN	NaN	NaN	NaN	NaN	NaN	108.0	7640
NaN	NaN	NaN	NaN	NaN	NaN	NaN	NaN	NaN	NaN	NaN	NaN	NaN	NaN	107.0	7825
NaN	NaN	NaN	NaN	NaN	NaN	NaN	NaN	NaN	NaN	NaN	NaN	NaN	NaN	106.0	7560
NaN	NaN	NaN	NaN	NaN	NaN	NaN	NaN	NaN	NaN	NaN	NaN	NaN	NaN	105.0	7490
NaN	NaN	NaN	NaN	NaN	NaN	NaN	NaN	NaN	NaN	NaN	NaN	NaN	NaN	104.0	7235
NaN	NaN	NaN	NaN	NaN	NaN	NaN	NaN	NaN	NaN	NaN	NaN	NaN	NaN	103.0	7145
NaN	NaN	NaN	NaN	NaN	NaN	NaN	NaN	NaN	NaN	NaN	NaN	NaN	NaN	102.0	7485
NaN	NaN	NaN	NaN	NaN	NaN	NaN	NaN	NaN	NaN	NaN	NaN	NaN	NaN	101.0	7195
NaN	NaN	NaN	NaN	NaN	NaN	NaN	NaN	NaN	NaN	NaN	NaN	NaN	NaN	100.0	7275
NaN	NaN	NaN	NaN	NaN	NaN	NaN	NaN	NaN	NaN	NaN	NaN	NaN	NaN	99.0	7050
NaN	NaN	NaN	NaN	NaN	NaN	NaN	NaN	NaN	NaN	NaN	NaN	NaN	NaN	98.0	6890
NaN	NaN	NaN	NaN	NaN	NaN	NaN	NaN	NaN	NaN	NaN	NaN	NaN	NaN	97.0	6960
NaN	NaN	NaN	NaN	NaN	NaN	NaN	NaN	NaN	NaN	NaN	NaN	NaN	NaN	96.0	6530
NaN	NaN	NaN	NaN	NaN	NaN	NaN	NaN	NaN	NaN	NaN	NaN	NaN	NaN	95.0	6575
NaN	NaN	NaN	NaN	NaN	NaN	NaN	NaN	NaN	NaN	NaN	NaN	NaN	NaN	94.0	6885
NaN	NaN	NaN	NaN	NaN	NaN	NaN	NaN	NaN	NaN	NaN	NaN	NaN	NaN	93.0	6870
NaN	NaN	NaN	NaN	NaN	NaN	NaN	NaN	NaN	NaN	NaN	NaN	NaN	NaN	92.0	7165
NaN	NaN	NaN	NaN	NaN	NaN	NaN	NaN	NaN	NaN	NaN	NaN	NaN	NaN	91.0	7685
NaN	NaN	NaN	NaN	NaN	NaN	NaN	NaN	NaN	NaN	NaN	NaN	NaN	NaN	90.0	8785
NaN	NaN	NaN	NaN	NaN	NaN	NaN	NaN	NaN	NaN	NaN	NaN	NaN	NaN	89.0	15150
NaN	NaN	NaN	NaN	NaN	NaN	NaN	NaN	NaN	NaN	NaN	NaN	NaN	NaN	88.0	23805
NaN	NaN	NaN	NaN	NaN	NaN	NaN	NaN	NaN	NaN	NaN	NaN	NaN	NaN	87.0	18380
NaN	NaN	NaN	NaN	NaN	NaN	NaN	NaN	NaN	NaN	NaN	NaN	NaN	NaN	86.0	12145
NaN	NaN	NaN	NaN	NaN	NaN	NaN	NaN	NaN	NaN	NaN	NaN	NaN	NaN	85.0	22060
NaN	NaN	NaN	NaN	NaN	NaN	NaN	NaN	NaN	NaN	NaN	NaN	NaN	NaN	84.0	26740
NaN	NaN	NaN	NaN	NaN	NaN	NaN	NaN	NaN	NaN	NaN	NaN	NaN	NaN	83.0	13555
NaN	NaN	NaN	NaN	NaN	NaN	NaN	NaN	NaN	NaN	NaN	NaN	NaN	NaN	82.0	6110
NaN	NaN	NaN	NaN	NaN	NaN	NaN	NaN	NaN	NaN	NaN	NaN	NaN	NaN	81.0	4570
NaN	NaN	NaN	NaN	NaN	NaN	NaN	NaN	NaN	NaN	NaN	NaN	NaN	NaN	80.0	4430
NaN	NaN	NaN	NaN	NaN	NaN	NaN	NaN	NaN	NaN	NaN	NaN	NaN	NaN	79.0	4985
NaN	NaN	NaN	NaN	NaN	NaN	NaN	NaN	NaN	NaN	NaN	NaN	NaN	NaN	78.0	5220
NaN	NaN	NaN	NaN	NaN	NaN	NaN	NaN	NaN	NaN	NaN	NaN	NaN	NaN	77.0	4785
NaN	NaN	NaN	NaN	NaN	NaN	NaN	NaN	NaN	NaN	NaN	NaN	NaN	NaN	76.0	5080
NaN	NaN	NaN	NaN	NaN	NaN	NaN	NaN	NaN	NaN	NaN	NaN	NaN	NaN	75.0	5280
NaN	NaN	NaN	NaN	NaN	NaN	NaN	NaN	NaN	NaN	NaN	NaN	NaN	NaN	74.0	5010
NaN	NaN	NaN	NaN	NaN	NaN	NaN	NaN	NaN	NaN	NaN	NaN	NaN	NaN	73.0	4430
NaN	NaN	NaN	NaN	NaN	NaN	NaN	NaN	NaN	NaN	NaN	NaN	NaN	NaN	72.0	4145
NaN	NaN	NaN	NaN	NaN	NaN	NaN	NaN	NaN	NaN	NaN	NaN	NaN	NaN	71.0	3610
NaN	NaN	NaN	NaN	NaN	NaN	NaN	NaN	NaN	NaN	NaN	NaN	NaN	NaN	70.0	3225
NaN	NaN	NaN	NaN	NaN	NaN	NaN	NaN	NaN	NaN	NaN	NaN	NaN	NaN	69.0	3285
NaN	NaN	NaN	NaN	NaN	NaN	NaN	NaN	NaN	NaN	NaN	NaN	NaN	NaN	68.0	2845
NaN	NaN	NaN	NaN	NaN	NaN	NaN	NaN	NaN	NaN	NaN	NaN	NaN	NaN	67.0	3125
NaN	NaN	NaN	NaN	NaN	NaN	NaN	NaN	NaN	NaN	NaN	NaN	NaN	NaN	66.0	3115
NaN	NaN	NaN	NaN	NaN	NaN	NaN	NaN	NaN	NaN	NaN	NaN	NaN	NaN	65.0	2930
NaN	NaN	NaN	NaN	NaN	NaN	NaN	NaN	NaN	NaN	NaN	NaN	NaN	NaN	64.0	3215
NaN	NaN	NaN	NaN	NaN	NaN	NaN	NaN	NaN	NaN	NaN	NaN	NaN	NaN	63.0	3200
NaN	NaN	NaN	NaN	NaN	NaN	NaN	NaN	NaN	NaN	NaN	NaN	NaN	NaN	62.0	3280
NaN	NaN	NaN	NaN	NaN	NaN	NaN	NaN	NaN	NaN	NaN	NaN	NaN	NaN	61.0	3375
NaN	NaN	NaN	NaN	NaN	NaN	NaN	NaN	NaN	NaN	NaN	NaN	NaN	NaN	60.0	3520
NaN	NaN	NaN	NaN	NaN	NaN	NaN	NaN	NaN	NaN	NaN	NaN	NaN	NaN	59.0	3315
NaN	NaN	NaN	NaN	NaN	NaN	NaN	NaN	NaN	NaN	NaN	NaN	NaN	NaN	58.0	3735
NaN	NaN	NaN	NaN	NaN	NaN	NaN	NaN	NaN	NaN	NaN	NaN	NaN	NaN	57.0	3760
NaN	NaN	NaN	NaN	NaN	NaN	NaN	NaN	NaN	NaN	NaN	NaN	NaN	NaN	56.0	3555
NaN	NaN	NaN	NaN	NaN	NaN	NaN	NaN	NaN	NaN	NaN	NaN	NaN	NaN	55.0	3380
NaN	NaN	NaN	NaN	NaN	NaN	NaN	NaN	NaN	NaN	NaN	NaN	NaN	NaN	54.0	3000
NaN	NaN	NaN	NaN	NaN	NaN	NaN	NaN	NaN	NaN	NaN	NaN	NaN	NaN	53.0	2910
NaN	NaN	NaN	NaN	NaN	NaN	NaN	NaN	NaN	NaN	NaN	NaN	NaN	NaN	52.0	3065
NaN	NaN	NaN	NaN	NaN	NaN	NaN	NaN	NaN	NaN	NaN	NaN	NaN	NaN	51.0	2955
NaN	NaN	NaN	NaN	NaN	NaN	NaN	NaN	NaN	NaN	NaN	NaN	NaN	NaN	50.0	2835
NaN	NaN	NaN	NaN	NaN	NaN	NaN	NaN	NaN	NaN	NaN	NaN	NaN	NaN	49.0	2745
NaN	NaN	NaN	NaN	NaN	NaN	NaN	NaN	NaN	NaN	NaN	NaN	NaN	NaN	48.0	2960
NaN	NaN	NaN	NaN	NaN	NaN	NaN	NaN	NaN	NaN	NaN	NaN	NaN	NaN	47.0	2940
NaN	NaN	NaN	NaN	NaN	NaN	NaN	NaN	NaN	NaN	NaN	NaN	NaN	NaN	46.0	2870
NaN	NaN	NaN	NaN	NaN	NaN	NaN	NaN	NaN	NaN	NaN	NaN	NaN	NaN	45.0	2630
NaN	NaN	NaN	NaN	NaN	NaN	NaN	NaN	NaN	NaN	NaN	NaN	NaN	NaN	44.0	2545
NaN	NaN	NaN	NaN	NaN	NaN	NaN	NaN	NaN	NaN	NaN	NaN	NaN	NaN	43.0	2625
NaN	NaN	NaN	NaN	NaN	NaN	NaN	NaN	NaN	NaN	NaN	NaN	NaN	NaN	42.0	2845
NaN	NaN	NaN	NaN	NaN	NaN	NaN	NaN	NaN	NaN	NaN	NaN	NaN	NaN	41.0	2745
NaN	NaN	NaN	NaN	NaN	NaN	NaN	NaN	NaN	NaN	NaN	NaN	NaN	NaN	40.0	2745
NaN	NaN	NaN	NaN	NaN	NaN	NaN	NaN	NaN	NaN	NaN	NaN	NaN	NaN	39.0	2645
NaN	NaN	NaN	NaN	NaN	NaN	NaN	NaN	NaN	NaN	NaN	NaN	NaN	NaN	38.0	2540
NaN	NaN	NaN	NaN	NaN	NaN	NaN	NaN	NaN	NaN	NaN	NaN	NaN	NaN	37.0	2530
NaN	NaN	NaN	NaN	NaN	NaN	NaN	NaN	NaN	NaN	NaN	NaN	NaN	NaN	36.0	2765
NaN	NaN	NaN	NaN	NaN	NaN	NaN	NaN	NaN	NaN	NaN	NaN	NaN	NaN	35.0	2650
NaN	NaN	NaN	NaN	NaN	NaN	NaN	NaN	NaN	NaN	NaN	NaN	NaN	NaN	34.0	2690
NaN	NaN	NaN	NaN	NaN	NaN	NaN	NaN	NaN	NaN	NaN	NaN	NaN	NaN	33.0	2610
NaN	NaN	NaN	NaN	NaN	NaN	NaN	NaN	NaN	NaN	NaN	NaN	NaN	NaN	32.0	2795
NaN	NaN	NaN	NaN	NaN	NaN	NaN	NaN	NaN	NaN	NaN	NaN	NaN	NaN	31.0	2630
NaN	NaN	NaN	NaN	NaN	NaN	NaN	NaN	NaN	NaN	NaN	NaN	NaN	NaN	30.0	2810
NaN	NaN	NaN	NaN	NaN	NaN	NaN	NaN	NaN	NaN	NaN	NaN	NaN	NaN	29.0	2815
NaN	NaN	NaN	NaN	NaN	NaN	NaN	NaN	NaN	NaN	NaN	NaN	NaN	NaN	28.0	2675
NaN	NaN	NaN	NaN	NaN	NaN	NaN	NaN	NaN	NaN	NaN	NaN	NaN	NaN	27.0	2570
NaN	NaN	NaN	NaN	NaN	NaN	NaN	NaN	NaN	NaN	NaN	NaN	NaN	NaN	26.0	2995
NaN	NaN	NaN	NaN	NaN	NaN	NaN	NaN	NaN	NaN	NaN	NaN	NaN	NaN	25.0	2545
NaN	NaN	NaN	NaN	NaN	NaN	NaN	NaN	NaN	NaN	NaN	NaN	NaN	NaN	24.0	2615
NaN	NaN	NaN	NaN	NaN	NaN	NaN	NaN	NaN	NaN	NaN	NaN	NaN	NaN	23.0	2540
NaN	NaN	NaN	NaN	NaN	NaN	NaN	NaN	NaN	NaN	NaN	NaN	NaN	NaN	22.0	2715
NaN	NaN	NaN	NaN	NaN	NaN	NaN	NaN	NaN	NaN	NaN	NaN	NaN	NaN	21.0	2625
NaN	NaN	NaN	NaN	NaN	NaN	NaN	NaN	NaN	NaN	NaN	NaN	NaN	NaN	20.0	2700
NaN	NaN	NaN	NaN	NaN	NaN	NaN	NaN	NaN	NaN	NaN	NaN	NaN	NaN	19.0	2710
NaN	NaN	NaN	NaN	NaN	NaN	NaN	NaN	NaN	NaN	NaN	NaN	NaN	NaN	18.0	2815
NaN	NaN	NaN	NaN	NaN	NaN	NaN	NaN	NaN	NaN	NaN	NaN	NaN	NaN	17.0	2685
NaN	NaN	NaN	NaN	NaN	NaN	NaN	NaN	NaN	NaN	NaN	NaN	NaN	NaN	16.0	2630
NaN	NaN	NaN	NaN	NaN	NaN	NaN	NaN	NaN	NaN	NaN	NaN	NaN	NaN	15.0	2815
NaN	NaN	NaN	NaN	NaN	NaN	NaN	NaN	NaN	NaN	NaN	NaN	NaN	NaN	14.0	2420
NaN	NaN	NaN	NaN	NaN	NaN	NaN	NaN	NaN	NaN	NaN	NaN	NaN	NaN	13.0	2665
NaN	NaN	NaN	NaN	NaN	NaN	NaN	NaN	NaN	NaN	NaN	NaN	NaN	NaN	12.0	2635
NaN	NaN	NaN	NaN	NaN	NaN	NaN	NaN	NaN	NaN	NaN	NaN	NaN	NaN	11.0	2460
NaN	NaN	NaN	NaN	NaN	NaN	NaN	NaN	NaN	NaN	NaN	NaN	NaN	NaN	10.0	2485
NaN	NaN	NaN	NaN	NaN	NaN	NaN	NaN	NaN	NaN	NaN	NaN	NaN	NaN	9.0	2635
NaN	NaN	NaN	NaN	NaN	NaN	NaN	NaN	NaN	NaN	NaN	NaN	NaN	NaN	8.0	3295
NaN	NaN	NaN	NaN	NaN	NaN	NaN	NaN	NaN	NaN	NaN	NaN	NaN	NaN	7.0	4250
NaN	NaN	NaN	NaN	NaN	NaN	NaN	NaN	NaN	NaN	NaN	NaN	NaN	NaN	6.0	4365
NaN	NaN	NaN	NaN	NaN	NaN	NaN	NaN	NaN	NaN	NaN	NaN	NaN	NaN	5.0	4495
NaN	NaN	NaN	NaN	NaN	NaN	NaN	NaN	NaN	NaN	NaN	NaN	NaN	NaN	4.0	4475
NaN	NaN	NaN	NaN	NaN	NaN	NaN	NaN	NaN	NaN	NaN	NaN	NaN	NaN	3.0	4170
NaN	NaN	NaN	NaN	NaN	NaN	NaN	NaN	NaN	NaN	NaN	NaN	NaN	NaN	2.0	3455
NaN	NaN	NaN	NaN	NaN	NaN	NaN	NaN	NaN	NaN	NaN	NaN	NaN	NaN	1.0	2580
NaN	NaN	NaN	NaN	NaN	NaN	NaN	NaN	NaN	NaN	NaN	NaN	NaN	NaN	-2.2737368e-13	2060
NaN	NaN	NaN	NaN	NaN	NaN	NaN	NaN	NaN	NaN	NaN	NaN	NaN	NaN	-1.0	2295
NaN	NaN	NaN	NaN	NaN	NaN	NaN	NaN	NaN	NaN	NaN	NaN	NaN	NaN	-2.0	2010
NaN	NaN	NaN	NaN	NaN	NaN	NaN	NaN	NaN	NaN	NaN	NaN	NaN	NaN	-3.0	2110
NaN	NaN	NaN	NaN	NaN	NaN	NaN	NaN	NaN	NaN	NaN	NaN	NaN	NaN	-4.0	2170
