Ba_3d_BE	Ba_3d_cps	O_1s_(2)_BE	O_1s_(2)_cps	O_1s_BE	O_1s_cps	C_1s_BE	C_1s_cps	N_1s_BE	N_1s_cps	Cl_2p_BE	Cl_2p_cps	Au_4f_BE	Au_4f_cps	overview_BE	overview_cps	
784.0	8461.5625	536.0	6822.6989	560.0	7363.85	295.0	3947.3929	405.0	6884.37	204.0	3950.1875	95.0	4411.25	1200.0	12050
783.9	8473.1406	535.9	6834.1477	559.9	7372.875	294.9	3949.9643	404.9	6890.63	203.9	3957.125	94.9	4468.75	1199.0	11990
783.8	8474.3281	535.8	6825.358	559.8	7359.1	294.8	3934.6071	404.8	6887.465	203.8	3948.375	94.8	4381.875	1198.0	11255
783.7	8475.8438	535.7	6833.5511	559.7	7352.925	294.7	3953.5536	404.7	6895.83	203.7	3952.375	94.7	4470.0	1197.0	11955
783.6	8503.5625	535.6	6829.7273	559.6	7366.825	294.6	3919.8929	404.6	6899.79	203.6	3948.5417	94.6	4436.25	1196.0	12165
783.5	8459.2656	535.5	6832.5511	559.5	7363.2	294.5	3942.25	404.5	6899.31	203.5	3958.9583	94.5	4412.5	1195.0	11390
783.4	8491.9219	535.4	6831.9659	559.4	7373.525	294.4	3922.5	404.4	6903.135	203.4	3933.9375	94.4	4411.875	1194.0	11195
783.3	8485.0938	535.3	6843.3409	559.3	7370.475	294.3	3939.3036	404.3	6884.72	203.3	3947.4792	94.3	4387.5	1193.0	11625
783.2	8501.2813	535.2	6848.1989	559.2	7350.475	294.2	3940.7857	404.2	6913.22	203.2	3928.125	94.2	4406.875	1192.0	11125
783.1	8510.25	535.1	6847.0284	559.1	7370.4	294.1	3941.2321	404.1	6884.605	203.1	3953.9375	94.1	4438.125	1191.0	11215
783.0	8501.375	535.0	6862.3409	559.0	7367.475	294.0	3925.9464	404.0	6898.595	203.0	3948.1042	94.0	4435.0	1190.0	11510
782.9	8512.8125	534.9	6885.9318	558.9	7346.725	293.9	3934.1786	403.9	6912.575	202.9	3946.7917	93.9	4397.5	1189.0	11730
782.8	8521.1094	534.8	6895.4545	558.8	7356.5	293.8	3964.5179	403.8	6901.135	202.8	3956.3958	93.8	4426.875	1188.0	11080
782.7	8518.8594	534.7	6910.2955	558.7	7364.4	293.7	3944.8929	403.7	6923.4	202.7	3968.2708	93.7	4427.5	1187.0	10855
782.6	8531.2813	534.6	6929.1591	558.6	7382.35	293.6	3937.1607	403.6	6906.935	202.6	3949.2083	93.6	4459.375	1186.0	11530
782.5	8546.4531	534.5	6936.3864	558.5	7351.35	293.5	3947.9464	403.5	6912.005	202.5	3946.2708	93.5	4440.625	1185.0	11185
782.4	8575.9375	534.4	6961.7955	558.4	7371.2	293.4	3938.6429	403.4	6912.385	202.4	3976.2292	93.4	4501.875	1184.0	11080
782.3	8564.8125	534.3	6982.1932	558.3	7370.925	293.3	3949.8214	403.3	6913.02	202.3	3946.7917	93.3	4467.5	1183.0	11000
782.2	8595.6719	534.2	6996.0568	558.2	7356.4	293.2	3947.4643	403.2	6919.625	202.2	3956.3125	93.2	4493.75	1182.0	11035
782.1	8639.5625	534.1	7002.2273	558.1	7368.625	293.1	3940.6429	403.1	6918.975	202.1	3943.0	93.1	4426.25	1181.0	11250
782.0	8629.0938	534.0	7031.7841	558.0	7371.4	293.0	3942.3929	403.0	6929.61	202.0	3969.625	93.0	4478.125	1180.0	10985
781.9	8668.3125	533.9	7040.4261	557.9	7373.25	292.9	3954.8036	402.9	6926.84	201.9	3953.625	92.9	4414.375	1179.0	10740
781.8	8686.0938	533.8	7058.0341	557.8	7365.525	292.8	3934.4643	402.8	6936.345	201.8	3962.8125	92.8	4581.875	1178.0	10755
781.7	8700.1094	533.7	7059.3636	557.7	7374.35	292.7	3940.1607	402.7	6937.555	201.7	3951.1458	92.7	4451.875	1177.0	10550
781.6	8740.9688	533.6	7058.4261	557.6	7373.45	292.6	3939.6429	402.6	6939.665	201.6	3973.5208	92.6	4411.875	1176.0	10705
781.5	8757.0625	533.5	7061.6705	557.5	7365.075	292.5	3959.0893	402.5	6945.045	201.5	3959.3125	92.5	4553.75	1175.0	10895
781.4	8767.9531	533.4	7062.4602	557.4	7358.325	292.4	3925.4286	402.4	6943.24	201.4	3955.6458	92.4	4370.625	1174.0	10940
781.3	8769.7813	533.3	7039.4943	557.3	7377.6	292.3	3937.75	402.3	6945.93	201.3	3967.2083	92.3	4475.625	1173.0	10635
781.2	8807.1406	533.2	7022.4716	557.2	7303.075	292.2	3947.0893	402.2	6961.655	201.2	3968.7083	92.2	4502.5	1172.0	11070
781.1	8792.5313	533.1	6988.9034	557.1	7380.675	292.1	3943.6071	402.1	6952.365	201.1	3983.1042	92.1	4598.125	1171.0	10370
781.0	8817.75	533.0	6986.142	557.0	7392.25	292.0	3943.3214	402.0	6968.93	201.0	3961.5417	92.0	4551.25	1170.0	10555
780.9	8807.6094	532.9	6946.625	556.9	7392.325	291.9	3949.4107	401.9	6975.87	200.9	3955.3333	91.9	4594.375	1169.0	10880
780.8	8810.3281	532.8	6913.4318	556.8	7360.3	291.8	3966.4643	401.8	6977.11	200.8	3983.8333	91.8	4492.5	1168.0	10565
780.7	8809.0156	532.7	6880.5568	556.7	7371.05	291.7	3962.5714	401.7	6977.35	200.7	3988.7917	91.7	4675.0	1167.0	10425
780.6	8774.1406	532.6	6852.5227	556.6	7389.9	291.6	3950.5536	401.6	6978.18	200.6	3977.0417	91.6	4676.25	1166.0	10795
780.5	8758.5469	532.5	6820.8011	556.5	7377.575	291.5	3965.2857	401.5	6990.205	200.5	3972.5833	91.5	4670.0	1165.0	10340
780.4	8728.6406	532.4	6780.767	556.4	7403.675	291.4	3970.4107	401.4	6989.92	200.4	3994.8125	91.4	4696.25	1164.0	10380
780.3	8703.0625	532.3	6743.7045	556.3	7390.925	291.3	3974.4643	401.3	6997.185	200.3	3980.1667	91.3	4818.75	1163.0	10215
780.2	8708.8594	532.2	6724.25	556.2	7375.325	291.2	3963.8036	401.2	6998.45	200.2	3974.125	91.2	4803.75	1162.0	10300
780.1	8664.5156	532.1	6679.4545	556.1	7393.175	291.1	3963.1429	401.1	7001.155	200.1	4005.2708	91.1	4755.0	1161.0	10260
780.0	8634.25	532.0	6654.6193	556.0	7367.8	291.0	3982.5	401.0	7002.35	200.0	3971.4375	91.0	4908.75	1160.0	10830
779.9	8586.2656	531.9	6630.608	555.9	7381.45	290.9	3960.0	400.9	7021.315	199.9	3968.7083	90.9	4915.625	1159.0	10025
779.8	8589.6406	531.8	6606.2614	555.8	7376.4	290.8	3958.4464	400.8	7022.015	199.8	3992.0	90.8	4957.5	1158.0	10360
779.7	8557.8906	531.7	6587.1136	555.7	7400.125	290.7	3972.8036	400.7	7020.605	199.7	3975.2917	90.7	5036.25	1157.0	10255
779.6	8526.0156	531.6	6562.5114	555.6	7387.15	290.6	3965.4821	400.6	7022.795	199.6	3979.9375	90.6	5091.875	1156.0	10310
779.5	8507.8125	531.5	6549.733	555.5	7428.075	290.5	3975.1964	400.5	7037.48	199.5	3987.75	90.5	5035.625	1155.0	10230
779.4	8514.2813	531.4	6536.9602	555.4	7385.875	290.4	3954.0893	400.4	7030.67	199.4	3964.5208	90.4	5143.75	1154.0	10220
779.3	8485.7969	531.3	6513.358	555.3	7383.75	290.3	3967.6071	400.3	7046.045	199.3	3984.8125	90.3	5171.875	1153.0	10185
779.2	8479.875	531.2	6509.5966	555.2	7382.1	290.2	3977.4821	400.2	7041.43	199.2	3984.1875	90.2	5373.125	1152.0	10120
779.1	8475.0156	531.1	6483.7273	555.1	7418.975	290.1	3969.6786	400.1	7027.355	199.1	3950.1042	90.1	5340.0	1151.0	9675
779.0	8460.1094	531.0	6480.608	555.0	7427.95	290.0	3990.25	400.0	7035.87	199.0	4000.5833	90.0	5489.375	1150.0	9960
778.9	8442.7969	530.9	6473.6705	554.9	7403.675	289.9	3997.625	399.9	7042.77	198.9	3989.6042	89.9	5633.125	1149.0	9720
778.8	8434.7969	530.8	6467.9205	554.8	7440.0	289.8	3985.9821	399.8	7033.965	198.8	3988.9583	89.8	5939.375	1148.0	9855
778.7	8440.1875	530.7	6449.6193	554.7	7398.525	289.7	3999.6071	399.7	7043.56	198.7	3980.625	89.7	6153.125	1147.0	10285
778.6	8411.0156	530.6	6445.7159	554.6	7425.1	289.6	3988.8214	399.6	7038.385	198.6	3999.9792	89.6	6289.375	1146.0	9630
778.5	8412.6406	530.5	6438.6761	554.5	7442.3	289.5	3985.5357	399.5	7026.5	198.5	3987.7917	89.5	6833.75	1145.0	9920
778.4	8423.9219	530.4	6430.875	554.4	7416.6	289.4	4005.0	399.4	7040.885	198.4	3980.0625	89.4	7036.875	1144.0	9940
778.3	8400.3438	530.3	6431.5	554.3	7468.625	289.3	4012.0536	399.3	7023.43	198.3	3976.3125	89.3	7725.625	1143.0	9750
778.2	8425.6563	530.2	6419.3864	554.2	7435.975	289.2	4033.6071	399.2	7034.07	198.2	4000.3333	89.2	8091.25	1142.0	9810
778.1	8408.75	530.1	6411.5568	554.1	7443.3	289.1	4024.125	399.1	7035.055	198.1	3985.0417	89.1	8830.625	1141.0	9835
778.0	8387.2344	530.0	6419.8864	554.0	7458.825	289.0	3999.7857	399.0	7024.56	198.0	3982.2083	89.0	9574.375	1140.0	9595
777.9	8385.5938	NaN	NaN	553.9	7469.4	288.9	4009.5714	398.9	7014.83	197.9	3990.9167	88.9	10290.0	1139.0	9700
777.8	8388.3906	NaN	NaN	553.8	7482.675	288.8	4030.0893	398.8	7012.32	197.8	3978.0833	88.8	11143.75	1138.0	9695
777.7	8401.2188	NaN	NaN	553.7	7468.175	288.7	4003.6786	398.7	7022.73	197.7	3999.125	88.7	12227.5	1137.0	9495
777.6	8387.8906	NaN	NaN	553.6	7503.9	288.6	4056.4643	398.6	7011.705	197.6	4001.0208	88.6	13219.375	1136.0	10045
777.5	8395.5781	NaN	NaN	553.5	7512.55	288.5	4075.9821	398.5	7007.285	197.5	3994.9375	88.5	14124.375	1135.0	9550
777.4	8348.7813	NaN	NaN	553.4	7515.05	288.4	4093.0179	398.4	7008.43	197.4	3976.5417	88.4	14932.5	1134.0	9310
777.3	8402.0	NaN	NaN	553.3	7508.675	288.3	4074.0	398.3	7010.4	197.3	4002.3958	88.3	15909.375	1133.0	9450
777.2	8382.3281	NaN	NaN	553.2	7526.725	288.2	4129.2321	398.2	7004.21	197.2	3990.5833	88.2	16791.25	1132.0	9785
777.1	8373.7969	NaN	NaN	553.1	7555.4	288.1	4141.3571	398.1	7003.465	197.1	4001.9583	88.1	17345.0	1131.0	9655
777.0	8375.9375	NaN	NaN	553.0	7555.525	288.0	4145.9643	398.0	7001.29	197.0	3983.5417	88.0	17399.375	1130.0	9550
776.9	8389.8594	NaN	NaN	552.9	7564.125	287.9	4166.375	397.9	6990.66	196.9	3989.2292	87.9	17672.5	1129.0	9320
776.8	8396.3438	NaN	NaN	552.8	7585.075	287.8	4182.8036	397.8	6988.075	196.8	4004.75	87.8	17374.375	1128.0	9555
776.7	8387.7031	NaN	NaN	552.7	7609.325	287.7	4222.8036	397.7	6988.485	196.7	3969.0833	87.7	17016.875	1127.0	9370
776.6	8373.0625	NaN	NaN	552.6	7591.05	287.6	4222.7679	397.6	6994.74	196.6	4003.5417	87.6	16279.375	1126.0	9825
776.5	8366.5469	NaN	NaN	552.5	7599.775	287.5	4246.7143	397.5	6979.43	196.5	3996.9583	87.5	15598.75	1125.0	9160
776.4	8361.6563	NaN	NaN	552.4	7613.925	287.4	4259.8929	397.4	6981.61	196.4	3989.5	87.4	14414.375	1124.0	9255
776.3	8373.0938	NaN	NaN	552.3	7611.675	287.3	4285.6607	397.3	6991.895	196.3	3978.6667	87.3	13443.125	1123.0	9250
776.2	8386.2656	NaN	NaN	552.2	7672.75	287.2	4316.9286	397.2	6977.9	196.2	3979.5625	87.2	12272.5	1122.0	9375
776.1	8377.3281	NaN	NaN	552.1	7673.525	287.1	4349.4821	397.1	6994.88	196.1	3978.0625	87.1	11105.625	1121.0	9190
776.0	8365.4375	NaN	NaN	552.0	7679.425	287.0	4369.3929	397.0	6986.15	196.0	3982.5	87.0	10093.75	1120.0	8790
NaN	NaN	NaN	NaN	551.9	7683.75	286.9	4374.2143	396.9	6990.7	195.9	3981.1458	86.9	9299.375	1119.0	9215
NaN	NaN	NaN	NaN	551.8	7711.4	286.8	4410.4643	396.8	6970.885	195.8	3987.8333	86.8	8405.625	1118.0	8820
NaN	NaN	NaN	NaN	551.7	7735.25	286.7	4432.3571	396.7	6989.125	195.7	3982.9167	86.7	7848.125	1117.0	8820
NaN	NaN	NaN	NaN	551.6	7737.925	286.6	4476.4821	396.6	6993.915	195.6	3985.2708	86.6	7221.25	1116.0	9405
NaN	NaN	NaN	NaN	551.5	7755.95	286.5	4471.9643	396.5	6988.725	195.5	3992.6875	86.5	6726.875	1115.0	8935
NaN	NaN	NaN	NaN	551.4	7795.775	286.4	4518.7679	396.4	6985.505	195.4	4001.3542	86.4	6657.5	1114.0	9415
NaN	NaN	NaN	NaN	551.3	7784.4	286.3	4515.2679	396.3	6997.39	195.3	4003.4375	86.3	6559.375	1113.0	8845
NaN	NaN	NaN	NaN	551.2	7840.4	286.2	4543.0714	396.2	6997.81	195.2	3988.6875	86.2	6509.375	1112.0	8990
NaN	NaN	NaN	NaN	551.1	7845.85	286.1	4567.6964	396.1	6988.46	195.1	3987.8333	86.1	6566.875	1111.0	8825
NaN	NaN	NaN	NaN	551.0	7860.675	286.0	4570.5179	396.0	7001.72	195.0	3985.5625	86.0	6707.5	1110.0	9280
NaN	NaN	NaN	NaN	550.9	7922.3	285.9	4579.8571	395.9	6993.95	NaN	NaN	85.9	6996.875	1109.0	8885
NaN	NaN	NaN	NaN	550.8	7926.525	285.8	4590.9286	395.8	6994.58	NaN	NaN	85.8	7146.875	1108.0	9060
NaN	NaN	NaN	NaN	550.7	7944.725	285.7	4606.1964	395.7	6994.11	NaN	NaN	85.7	7738.125	1107.0	9185
NaN	NaN	NaN	NaN	550.6	7984.35	285.6	4626.6964	395.6	6999.53	NaN	NaN	85.6	8240.0	1106.0	8910
NaN	NaN	NaN	NaN	550.5	8006.425	285.5	4638.7321	395.5	7008.16	NaN	NaN	85.5	9005.625	1105.0	8360
NaN	NaN	NaN	NaN	550.4	8065.375	285.4	4617.6964	395.4	7005.73	NaN	NaN	85.4	9819.375	1104.0	8650
NaN	NaN	NaN	NaN	550.3	8070.175	285.3	4620.5536	395.3	7007.485	NaN	NaN	85.3	10535.625	1103.0	8845
NaN	NaN	NaN	NaN	550.2	8084.3	285.2	4612.2321	395.2	6998.815	NaN	NaN	85.2	11504.375	1102.0	9030
NaN	NaN	NaN	NaN	550.1	8134.2	285.1	4608.0536	395.1	7013.845	NaN	NaN	85.1	12608.125	1101.0	8855
NaN	NaN	NaN	NaN	550.0	8190.85	285.0	4562.7321	395.0	7015.12	NaN	NaN	85.0	13916.875	1100.0	8755
NaN	NaN	NaN	NaN	549.9	8203.625	284.9	4551.5179	NaN	NaN	NaN	NaN	84.9	15356.25	1099.0	8725
NaN	NaN	NaN	NaN	549.8	8251.45	284.8	4542.5536	NaN	NaN	NaN	NaN	84.8	16230.625	1098.0	8745
NaN	NaN	NaN	NaN	549.7	8288.425	284.7	4491.375	NaN	NaN	NaN	NaN	84.7	17542.5	1097.0	8380
NaN	NaN	NaN	NaN	549.6	8326.5	284.6	4444.5714	NaN	NaN	NaN	NaN	84.6	18750.0	1096.0	8855
NaN	NaN	NaN	NaN	549.5	8376.425	284.5	4422.875	NaN	NaN	NaN	NaN	84.5	19683.75	1095.0	8370
NaN	NaN	NaN	NaN	549.4	8420.7	284.4	4384.1071	NaN	NaN	NaN	NaN	84.4	20433.75	1094.0	8775
NaN	NaN	NaN	NaN	549.3	8475.175	284.3	4325.5	NaN	NaN	NaN	NaN	84.3	20398.125	1093.0	9010
NaN	NaN	NaN	NaN	549.2	8520.1	284.2	4314.1071	NaN	NaN	NaN	NaN	84.2	20263.75	1092.0	8750
NaN	NaN	NaN	NaN	549.1	8564.7	284.1	4277.4821	NaN	NaN	NaN	NaN	84.1	19918.125	1091.0	8660
NaN	NaN	NaN	NaN	549.0	8619.25	284.0	4231.2679	NaN	NaN	NaN	NaN	84.0	19348.125	1090.0	8500
NaN	NaN	NaN	NaN	548.9	8687.025	283.9	4191.0179	NaN	NaN	NaN	NaN	83.9	18156.25	1089.0	8600
NaN	NaN	NaN	NaN	548.8	8704.25	283.8	4176.2857	NaN	NaN	NaN	NaN	83.8	17086.875	1088.0	8405
NaN	NaN	NaN	NaN	548.7	8758.475	283.7	4156.2857	NaN	NaN	NaN	NaN	83.7	15500.0	1087.0	8620
NaN	NaN	NaN	NaN	548.6	8801.575	283.6	4111.9464	NaN	NaN	NaN	NaN	83.6	14266.25	1086.0	8025
NaN	NaN	NaN	NaN	548.5	8864.7	283.5	4071.2321	NaN	NaN	NaN	NaN	83.5	12638.75	1085.0	8550
NaN	NaN	NaN	NaN	548.4	8918.6	283.4	4056.3214	NaN	NaN	NaN	NaN	83.4	11191.25	1084.0	8620
NaN	NaN	NaN	NaN	548.3	8977.5	283.3	4037.3036	NaN	NaN	NaN	NaN	83.3	9832.5	1083.0	8435
NaN	NaN	NaN	NaN	548.2	8987.925	283.2	4020.1071	NaN	NaN	NaN	NaN	83.2	8727.5	1082.0	8240
NaN	NaN	NaN	NaN	548.1	9052.325	283.1	4017.8571	NaN	NaN	NaN	NaN	83.1	7628.125	1081.0	8355
NaN	NaN	NaN	NaN	548.0	9122.325	283.0	3990.1429	NaN	NaN	NaN	NaN	83.0	6702.5	1080.0	8130
NaN	NaN	NaN	NaN	547.9	9165.3	282.9	3978.9464	NaN	NaN	NaN	NaN	82.9	5929.375	1079.0	8130
NaN	NaN	NaN	NaN	547.8	9218.475	282.8	3966.5179	NaN	NaN	NaN	NaN	82.8	5398.125	1078.0	8180
NaN	NaN	NaN	NaN	547.7	9253.8	282.7	3969.3036	NaN	NaN	NaN	NaN	82.7	4968.125	1077.0	8130
NaN	NaN	NaN	NaN	547.6	9319.3	282.6	3967.75	NaN	NaN	NaN	NaN	82.6	4513.125	1076.0	7990
NaN	NaN	NaN	NaN	547.5	9315.6	282.5	3953.8571	NaN	NaN	NaN	NaN	82.5	4173.75	1075.0	7985
NaN	NaN	NaN	NaN	547.4	9371.35	282.4	3950.6429	NaN	NaN	NaN	NaN	82.4	3970.625	1074.0	8215
NaN	NaN	NaN	NaN	547.3	9406.775	282.3	3959.1607	NaN	NaN	NaN	NaN	82.3	3793.75	1073.0	7980
NaN	NaN	NaN	NaN	547.2	9429.775	282.2	3950.75	NaN	NaN	NaN	NaN	82.2	3769.375	1072.0	8150
NaN	NaN	NaN	NaN	547.1	9445.65	282.1	3932.1071	NaN	NaN	NaN	NaN	82.1	3528.75	1071.0	7920
NaN	NaN	NaN	NaN	547.0	9450.8	282.0	3954.6964	NaN	NaN	NaN	NaN	82.0	3441.25	1070.0	8205
NaN	NaN	NaN	NaN	546.9	9481.225	281.9	3943.4464	NaN	NaN	NaN	NaN	81.9	3382.5	1069.0	8020
NaN	NaN	NaN	NaN	546.8	9505.725	281.8	3924.5	NaN	NaN	NaN	NaN	81.8	3226.875	1068.0	7815
NaN	NaN	NaN	NaN	546.7	9526.45	281.7	3934.0893	NaN	NaN	NaN	NaN	81.7	3205.0	1067.0	8465
NaN	NaN	NaN	NaN	546.6	9520.55	281.6	3930.5893	NaN	NaN	NaN	NaN	81.6	3102.5	1066.0	7930
NaN	NaN	NaN	NaN	546.5	9506.375	281.5	3927.9107	NaN	NaN	NaN	NaN	81.5	3043.125	1065.0	8500
NaN	NaN	NaN	NaN	546.4	9487.325	281.4	3909.4821	NaN	NaN	NaN	NaN	81.4	2955.0	1064.0	8285
NaN	NaN	NaN	NaN	546.3	9454.775	281.3	3918.4286	NaN	NaN	NaN	NaN	81.3	2924.375	1063.0	8155
NaN	NaN	NaN	NaN	546.2	9443.225	281.2	3927.8929	NaN	NaN	NaN	NaN	81.2	2960.0	1062.0	8085
NaN	NaN	NaN	NaN	546.1	9422.7	281.1	3928.875	NaN	NaN	NaN	NaN	81.1	2875.0	1061.0	8060
NaN	NaN	NaN	NaN	546.0	9343.725	281.0	3924.1786	NaN	NaN	NaN	NaN	81.0	2869.375	1060.0	7710
NaN	NaN	NaN	NaN	545.9	9340.275	280.9	3926.0714	NaN	NaN	NaN	NaN	80.9	2878.75	1059.0	7975
NaN	NaN	NaN	NaN	545.8	9294.9	280.8	3921.7321	NaN	NaN	NaN	NaN	80.8	2848.75	1058.0	7820
NaN	NaN	NaN	NaN	545.7	9245.2	280.7	3904.125	NaN	NaN	NaN	NaN	80.7	2817.5	1057.0	8050
NaN	NaN	NaN	NaN	545.6	9172.425	280.6	3912.6429	NaN	NaN	NaN	NaN	80.6	2718.125	1056.0	8015
NaN	NaN	NaN	NaN	545.5	9147.5	280.5	3913.0357	NaN	NaN	NaN	NaN	80.5	2698.125	1055.0	7765
NaN	NaN	NaN	NaN	545.4	9090.85	280.4	3918.6071	NaN	NaN	NaN	NaN	80.4	2750.625	1054.0	7650
NaN	NaN	NaN	NaN	545.3	9049.075	280.3	3895.2679	NaN	NaN	NaN	NaN	80.3	2738.75	1053.0	7660
NaN	NaN	NaN	NaN	545.2	8986.65	280.2	3899.6429	NaN	NaN	NaN	NaN	80.2	2731.25	1052.0	7840
NaN	NaN	NaN	NaN	545.1	8904.925	280.1	3901.1786	NaN	NaN	NaN	NaN	80.1	2735.0	1051.0	7860
NaN	NaN	NaN	NaN	545.0	8837.525	280.0	3898.2679	NaN	NaN	NaN	NaN	80.0	2751.25	1050.0	7875
NaN	NaN	NaN	NaN	544.9	8790.175	NaN	NaN	NaN	NaN	NaN	NaN	NaN	NaN	1049.0	7830
NaN	NaN	NaN	NaN	544.8	8717.675	NaN	NaN	NaN	NaN	NaN	NaN	NaN	NaN	1048.0	7720
NaN	NaN	NaN	NaN	544.7	8658.8	NaN	NaN	NaN	NaN	NaN	NaN	NaN	NaN	1047.0	8300
NaN	NaN	NaN	NaN	544.6	8592.475	NaN	NaN	NaN	NaN	NaN	NaN	NaN	NaN	1046.0	7625
NaN	NaN	NaN	NaN	544.5	8556.325	NaN	NaN	NaN	NaN	NaN	NaN	NaN	NaN	1045.0	7485
NaN	NaN	NaN	NaN	544.4	8465.125	NaN	NaN	NaN	NaN	NaN	NaN	NaN	NaN	1044.0	7845
NaN	NaN	NaN	NaN	544.3	8403.8	NaN	NaN	NaN	NaN	NaN	NaN	NaN	NaN	1043.0	7400
NaN	NaN	NaN	NaN	544.2	8341.4	NaN	NaN	NaN	NaN	NaN	NaN	NaN	NaN	1042.0	7645
NaN	NaN	NaN	NaN	544.1	8305.525	NaN	NaN	NaN	NaN	NaN	NaN	NaN	NaN	1041.0	7595
NaN	NaN	NaN	NaN	544.0	8246.225	NaN	NaN	NaN	NaN	NaN	NaN	NaN	NaN	1040.0	7535
NaN	NaN	NaN	NaN	543.9	8172.575	NaN	NaN	NaN	NaN	NaN	NaN	NaN	NaN	1039.0	7755
NaN	NaN	NaN	NaN	543.8	8128.625	NaN	NaN	NaN	NaN	NaN	NaN	NaN	NaN	1038.0	7535
NaN	NaN	NaN	NaN	543.7	8074.475	NaN	NaN	NaN	NaN	NaN	NaN	NaN	NaN	1037.0	7525
NaN	NaN	NaN	NaN	543.6	7994.525	NaN	NaN	NaN	NaN	NaN	NaN	NaN	NaN	1036.0	7730
NaN	NaN	NaN	NaN	543.5	8005.8	NaN	NaN	NaN	NaN	NaN	NaN	NaN	NaN	1035.0	7665
NaN	NaN	NaN	NaN	543.4	7932.1	NaN	NaN	NaN	NaN	NaN	NaN	NaN	NaN	1034.0	7995
NaN	NaN	NaN	NaN	543.3	7884.7	NaN	NaN	NaN	NaN	NaN	NaN	NaN	NaN	1033.0	7515
NaN	NaN	NaN	NaN	543.2	7850.45	NaN	NaN	NaN	NaN	NaN	NaN	NaN	NaN	1032.0	7685
NaN	NaN	NaN	NaN	543.1	7798.2	NaN	NaN	NaN	NaN	NaN	NaN	NaN	NaN	1031.0	7645
NaN	NaN	NaN	NaN	543.0	7756.975	NaN	NaN	NaN	NaN	NaN	NaN	NaN	NaN	1030.0	7260
NaN	NaN	NaN	NaN	542.9	7702.425	NaN	NaN	NaN	NaN	NaN	NaN	NaN	NaN	1029.0	7105
NaN	NaN	NaN	NaN	542.8	7674.225	NaN	NaN	NaN	NaN	NaN	NaN	NaN	NaN	1028.0	7715
NaN	NaN	NaN	NaN	542.7	7614.275	NaN	NaN	NaN	NaN	NaN	NaN	NaN	NaN	1027.0	7375
NaN	NaN	NaN	NaN	542.6	7600.2	NaN	NaN	NaN	NaN	NaN	NaN	NaN	NaN	1026.0	7585
NaN	NaN	NaN	NaN	542.5	7577.775	NaN	NaN	NaN	NaN	NaN	NaN	NaN	NaN	1025.0	7535
NaN	NaN	NaN	NaN	542.4	7530.4	NaN	NaN	NaN	NaN	NaN	NaN	NaN	NaN	1024.0	7945
NaN	NaN	NaN	NaN	542.3	7477.4	NaN	NaN	NaN	NaN	NaN	NaN	NaN	NaN	1023.0	7530
NaN	NaN	NaN	NaN	542.2	7484.9	NaN	NaN	NaN	NaN	NaN	NaN	NaN	NaN	1022.0	7240
NaN	NaN	NaN	NaN	542.1	7455.75	NaN	NaN	NaN	NaN	NaN	NaN	NaN	NaN	1021.0	7380
NaN	NaN	NaN	NaN	542.0	7421.825	NaN	NaN	NaN	NaN	NaN	NaN	NaN	NaN	1020.0	7485
NaN	NaN	NaN	NaN	541.9	7394.9	NaN	NaN	NaN	NaN	NaN	NaN	NaN	NaN	1019.0	7100
NaN	NaN	NaN	NaN	541.8	7369.425	NaN	NaN	NaN	NaN	NaN	NaN	NaN	NaN	1018.0	7125
NaN	NaN	NaN	NaN	541.7	7338.9	NaN	NaN	NaN	NaN	NaN	NaN	NaN	NaN	1017.0	7745
NaN	NaN	NaN	NaN	541.6	7335.075	NaN	NaN	NaN	NaN	NaN	NaN	NaN	NaN	1016.0	7615
NaN	NaN	NaN	NaN	541.5	7282.65	NaN	NaN	NaN	NaN	NaN	NaN	NaN	NaN	1015.0	7250
NaN	NaN	NaN	NaN	541.4	7285.425	NaN	NaN	NaN	NaN	NaN	NaN	NaN	NaN	1014.0	7530
NaN	NaN	NaN	NaN	541.3	7257.325	NaN	NaN	NaN	NaN	NaN	NaN	NaN	NaN	1013.0	7865
NaN	NaN	NaN	NaN	541.2	7237.5	NaN	NaN	NaN	NaN	NaN	NaN	NaN	NaN	1012.0	7365
NaN	NaN	NaN	NaN	541.1	7225.2	NaN	NaN	NaN	NaN	NaN	NaN	NaN	NaN	1011.0	7175
NaN	NaN	NaN	NaN	541.0	7193.6	NaN	NaN	NaN	NaN	NaN	NaN	NaN	NaN	1010.0	7635
NaN	NaN	NaN	NaN	540.9	7184.45	NaN	NaN	NaN	NaN	NaN	NaN	NaN	NaN	1009.0	7225
NaN	NaN	NaN	NaN	540.8	7151.775	NaN	NaN	NaN	NaN	NaN	NaN	NaN	NaN	1008.0	6950
NaN	NaN	NaN	NaN	540.7	7141.475	NaN	NaN	NaN	NaN	NaN	NaN	NaN	NaN	1007.0	7110
NaN	NaN	NaN	NaN	540.6	7140.425	NaN	NaN	NaN	NaN	NaN	NaN	NaN	NaN	1006.0	7500
NaN	NaN	NaN	NaN	540.5	7124.4	NaN	NaN	NaN	NaN	NaN	NaN	NaN	NaN	1005.0	7360
NaN	NaN	NaN	NaN	540.4	7082.325	NaN	NaN	NaN	NaN	NaN	NaN	NaN	NaN	1004.0	7430
NaN	NaN	NaN	NaN	540.3	7091.9	NaN	NaN	NaN	NaN	NaN	NaN	NaN	NaN	1003.0	7080
NaN	NaN	NaN	NaN	540.2	7078.8	NaN	NaN	NaN	NaN	NaN	NaN	NaN	NaN	1002.0	7240
NaN	NaN	NaN	NaN	540.1	7052.8	NaN	NaN	NaN	NaN	NaN	NaN	NaN	NaN	1001.0	7425
NaN	NaN	NaN	NaN	540.0	7043.75	NaN	NaN	NaN	NaN	NaN	NaN	NaN	NaN	1000.0	7025
NaN	NaN	NaN	NaN	539.9	7010.55	NaN	NaN	NaN	NaN	NaN	NaN	NaN	NaN	999.0	6930
NaN	NaN	NaN	NaN	539.8	7018.9	NaN	NaN	NaN	NaN	NaN	NaN	NaN	NaN	998.0	7375
NaN	NaN	NaN	NaN	539.7	7022.25	NaN	NaN	NaN	NaN	NaN	NaN	NaN	NaN	997.0	7085
NaN	NaN	NaN	NaN	539.6	6990.725	NaN	NaN	NaN	NaN	NaN	NaN	NaN	NaN	996.0	7310
NaN	NaN	NaN	NaN	539.5	6996.95	NaN	NaN	NaN	NaN	NaN	NaN	NaN	NaN	995.0	7030
NaN	NaN	NaN	NaN	539.4	6979.5	NaN	NaN	NaN	NaN	NaN	NaN	NaN	NaN	994.0	7455
NaN	NaN	NaN	NaN	539.3	6977.05	NaN	NaN	NaN	NaN	NaN	NaN	NaN	NaN	993.0	7270
NaN	NaN	NaN	NaN	539.2	6970.525	NaN	NaN	NaN	NaN	NaN	NaN	NaN	NaN	992.0	7070
NaN	NaN	NaN	NaN	539.1	6958.9	NaN	NaN	NaN	NaN	NaN	NaN	NaN	NaN	991.0	6975
NaN	NaN	NaN	NaN	539.0	6952.45	NaN	NaN	NaN	NaN	NaN	NaN	NaN	NaN	990.0	7450
NaN	NaN	NaN	NaN	538.9	6976.2	NaN	NaN	NaN	NaN	NaN	NaN	NaN	NaN	989.0	7100
NaN	NaN	NaN	NaN	538.8	6939.5	NaN	NaN	NaN	NaN	NaN	NaN	NaN	NaN	988.0	7490
NaN	NaN	NaN	NaN	538.7	6936.85	NaN	NaN	NaN	NaN	NaN	NaN	NaN	NaN	987.0	7405
NaN	NaN	NaN	NaN	538.6	6922.25	NaN	NaN	NaN	NaN	NaN	NaN	NaN	NaN	986.0	7130
NaN	NaN	NaN	NaN	538.5	6918.275	NaN	NaN	NaN	NaN	NaN	NaN	NaN	NaN	985.0	6980
NaN	NaN	NaN	NaN	538.4	6933.35	NaN	NaN	NaN	NaN	NaN	NaN	NaN	NaN	984.0	7505
NaN	NaN	NaN	NaN	538.3	6936.9	NaN	NaN	NaN	NaN	NaN	NaN	NaN	NaN	983.0	7230
NaN	NaN	NaN	NaN	538.2	6920.55	NaN	NaN	NaN	NaN	NaN	NaN	NaN	NaN	982.0	7290
NaN	NaN	NaN	NaN	538.1	6912.325	NaN	NaN	NaN	NaN	NaN	NaN	NaN	NaN	981.0	7160
NaN	NaN	NaN	NaN	538.0	6909.475	NaN	NaN	NaN	NaN	NaN	NaN	NaN	NaN	980.0	7020
NaN	NaN	NaN	NaN	537.9	6913.925	NaN	NaN	NaN	NaN	NaN	NaN	NaN	NaN	979.0	7320
NaN	NaN	NaN	NaN	537.8	6926.775	NaN	NaN	NaN	NaN	NaN	NaN	NaN	NaN	978.0	6850
NaN	NaN	NaN	NaN	537.7	6915.6	NaN	NaN	NaN	NaN	NaN	NaN	NaN	NaN	977.0	7295
NaN	NaN	NaN	NaN	537.6	6900.975	NaN	NaN	NaN	NaN	NaN	NaN	NaN	NaN	976.0	7385
NaN	NaN	NaN	NaN	537.5	6881.15	NaN	NaN	NaN	NaN	NaN	NaN	NaN	NaN	975.0	6890
NaN	NaN	NaN	NaN	537.4	6927.1	NaN	NaN	NaN	NaN	NaN	NaN	NaN	NaN	974.0	7285
NaN	NaN	NaN	NaN	537.3	6882.95	NaN	NaN	NaN	NaN	NaN	NaN	NaN	NaN	973.0	7190
NaN	NaN	NaN	NaN	537.2	6878.2	NaN	NaN	NaN	NaN	NaN	NaN	NaN	NaN	972.0	7230
NaN	NaN	NaN	NaN	537.1	6899.425	NaN	NaN	NaN	NaN	NaN	NaN	NaN	NaN	971.0	7165
NaN	NaN	NaN	NaN	537.0	6881.2	NaN	NaN	NaN	NaN	NaN	NaN	NaN	NaN	970.0	6820
NaN	NaN	NaN	NaN	536.9	6883.85	NaN	NaN	NaN	NaN	NaN	NaN	NaN	NaN	969.0	7585
NaN	NaN	NaN	NaN	536.8	6877.95	NaN	NaN	NaN	NaN	NaN	NaN	NaN	NaN	968.0	7275
NaN	NaN	NaN	NaN	536.7	6865.35	NaN	NaN	NaN	NaN	NaN	NaN	NaN	NaN	967.0	6730
NaN	NaN	NaN	NaN	536.6	6867.825	NaN	NaN	NaN	NaN	NaN	NaN	NaN	NaN	966.0	6775
NaN	NaN	NaN	NaN	536.5	6871.675	NaN	NaN	NaN	NaN	NaN	NaN	NaN	NaN	965.0	7320
NaN	NaN	NaN	NaN	536.4	6873.925	NaN	NaN	NaN	NaN	NaN	NaN	NaN	NaN	964.0	7110
NaN	NaN	NaN	NaN	536.3	6882.55	NaN	NaN	NaN	NaN	NaN	NaN	NaN	NaN	963.0	6910
NaN	NaN	NaN	NaN	536.2	6890.25	NaN	NaN	NaN	NaN	NaN	NaN	NaN	NaN	962.0	7110
NaN	NaN	NaN	NaN	536.1	6881.675	NaN	NaN	NaN	NaN	NaN	NaN	NaN	NaN	961.0	7165
NaN	NaN	NaN	NaN	536.0	6864.475	NaN	NaN	NaN	NaN	NaN	NaN	NaN	NaN	960.0	6925
NaN	NaN	NaN	NaN	535.9	6876.6	NaN	NaN	NaN	NaN	NaN	NaN	NaN	NaN	959.0	7035
NaN	NaN	NaN	NaN	535.8	6871.375	NaN	NaN	NaN	NaN	NaN	NaN	NaN	NaN	958.0	7120
NaN	NaN	NaN	NaN	535.7	6880.35	NaN	NaN	NaN	NaN	NaN	NaN	NaN	NaN	957.0	6690
NaN	NaN	NaN	NaN	535.6	6881.75	NaN	NaN	NaN	NaN	NaN	NaN	NaN	NaN	956.0	7135
NaN	NaN	NaN	NaN	535.5	6889.525	NaN	NaN	NaN	NaN	NaN	NaN	NaN	NaN	955.0	7030
NaN	NaN	NaN	NaN	535.4	6877.175	NaN	NaN	NaN	NaN	NaN	NaN	NaN	NaN	954.0	6585
NaN	NaN	NaN	NaN	535.3	6880.675	NaN	NaN	NaN	NaN	NaN	NaN	NaN	NaN	953.0	6990
NaN	NaN	NaN	NaN	535.2	6916.675	NaN	NaN	NaN	NaN	NaN	NaN	NaN	NaN	952.0	6995
NaN	NaN	NaN	NaN	535.1	6901.0	NaN	NaN	NaN	NaN	NaN	NaN	NaN	NaN	951.0	7025
NaN	NaN	NaN	NaN	535.0	6883.525	NaN	NaN	NaN	NaN	NaN	NaN	NaN	NaN	950.0	6905
NaN	NaN	NaN	NaN	534.9	6929.95	NaN	NaN	NaN	NaN	NaN	NaN	NaN	NaN	949.0	6990
NaN	NaN	NaN	NaN	534.8	6952.175	NaN	NaN	NaN	NaN	NaN	NaN	NaN	NaN	948.0	6575
NaN	NaN	NaN	NaN	534.7	6973.625	NaN	NaN	NaN	NaN	NaN	NaN	NaN	NaN	947.0	7160
NaN	NaN	NaN	NaN	534.6	6994.275	NaN	NaN	NaN	NaN	NaN	NaN	NaN	NaN	946.0	7195
NaN	NaN	NaN	NaN	534.5	6986.25	NaN	NaN	NaN	NaN	NaN	NaN	NaN	NaN	945.0	6870
NaN	NaN	NaN	NaN	534.4	7024.675	NaN	NaN	NaN	NaN	NaN	NaN	NaN	NaN	944.0	6940
NaN	NaN	NaN	NaN	534.3	7039.375	NaN	NaN	NaN	NaN	NaN	NaN	NaN	NaN	943.0	7040
NaN	NaN	NaN	NaN	534.2	7063.275	NaN	NaN	NaN	NaN	NaN	NaN	NaN	NaN	942.0	7060
NaN	NaN	NaN	NaN	534.1	7032.75	NaN	NaN	NaN	NaN	NaN	NaN	NaN	NaN	941.0	7065
NaN	NaN	NaN	NaN	534.0	7087.95	NaN	NaN	NaN	NaN	NaN	NaN	NaN	NaN	940.0	7045
NaN	NaN	NaN	NaN	533.9	7091.625	NaN	NaN	NaN	NaN	NaN	NaN	NaN	NaN	939.0	6820
NaN	NaN	NaN	NaN	533.8	7091.025	NaN	NaN	NaN	NaN	NaN	NaN	NaN	NaN	938.0	7035
NaN	NaN	NaN	NaN	533.7	7115.775	NaN	NaN	NaN	NaN	NaN	NaN	NaN	NaN	937.0	6930
NaN	NaN	NaN	NaN	533.6	7124.525	NaN	NaN	NaN	NaN	NaN	NaN	NaN	NaN	936.0	6820
NaN	NaN	NaN	NaN	533.5	7115.6	NaN	NaN	NaN	NaN	NaN	NaN	NaN	NaN	935.0	6575
NaN	NaN	NaN	NaN	533.4	7109.1	NaN	NaN	NaN	NaN	NaN	NaN	NaN	NaN	934.0	7195
NaN	NaN	NaN	NaN	533.3	7082.425	NaN	NaN	NaN	NaN	NaN	NaN	NaN	NaN	933.0	6855
NaN	NaN	NaN	NaN	533.2	7067.9	NaN	NaN	NaN	NaN	NaN	NaN	NaN	NaN	932.0	6775
NaN	NaN	NaN	NaN	533.1	7076.15	NaN	NaN	NaN	NaN	NaN	NaN	NaN	NaN	931.0	6915
NaN	NaN	NaN	NaN	533.0	7074.675	NaN	NaN	NaN	NaN	NaN	NaN	NaN	NaN	930.0	6870
NaN	NaN	NaN	NaN	532.9	7037.775	NaN	NaN	NaN	NaN	NaN	NaN	NaN	NaN	929.0	6805
NaN	NaN	NaN	NaN	532.8	6965.175	NaN	NaN	NaN	NaN	NaN	NaN	NaN	NaN	928.0	6890
NaN	NaN	NaN	NaN	532.7	6980.7	NaN	NaN	NaN	NaN	NaN	NaN	NaN	NaN	927.0	7035
NaN	NaN	NaN	NaN	532.6	6932.525	NaN	NaN	NaN	NaN	NaN	NaN	NaN	NaN	926.0	6945
NaN	NaN	NaN	NaN	532.5	6867.35	NaN	NaN	NaN	NaN	NaN	NaN	NaN	NaN	925.0	6765
NaN	NaN	NaN	NaN	532.4	6860.05	NaN	NaN	NaN	NaN	NaN	NaN	NaN	NaN	924.0	7130
NaN	NaN	NaN	NaN	532.3	6818.275	NaN	NaN	NaN	NaN	NaN	NaN	NaN	NaN	923.0	6935
NaN	NaN	NaN	NaN	532.2	6782.7	NaN	NaN	NaN	NaN	NaN	NaN	NaN	NaN	922.0	6955
NaN	NaN	NaN	NaN	532.1	6748.0	NaN	NaN	NaN	NaN	NaN	NaN	NaN	NaN	921.0	7050
NaN	NaN	NaN	NaN	532.0	6743.425	NaN	NaN	NaN	NaN	NaN	NaN	NaN	NaN	920.0	6830
NaN	NaN	NaN	NaN	531.9	6681.025	NaN	NaN	NaN	NaN	NaN	NaN	NaN	NaN	919.0	6530
NaN	NaN	NaN	NaN	531.8	6672.9	NaN	NaN	NaN	NaN	NaN	NaN	NaN	NaN	918.0	6790
NaN	NaN	NaN	NaN	531.7	6628.65	NaN	NaN	NaN	NaN	NaN	NaN	NaN	NaN	917.0	6505
NaN	NaN	NaN	NaN	531.6	6650.425	NaN	NaN	NaN	NaN	NaN	NaN	NaN	NaN	916.0	6730
NaN	NaN	NaN	NaN	531.5	6578.775	NaN	NaN	NaN	NaN	NaN	NaN	NaN	NaN	915.0	6875
NaN	NaN	NaN	NaN	531.4	6597.825	NaN	NaN	NaN	NaN	NaN	NaN	NaN	NaN	914.0	6675
NaN	NaN	NaN	NaN	531.3	6567.175	NaN	NaN	NaN	NaN	NaN	NaN	NaN	NaN	913.0	6615
NaN	NaN	NaN	NaN	531.2	6545.825	NaN	NaN	NaN	NaN	NaN	NaN	NaN	NaN	912.0	6905
NaN	NaN	NaN	NaN	531.1	6542.775	NaN	NaN	NaN	NaN	NaN	NaN	NaN	NaN	911.0	6950
NaN	NaN	NaN	NaN	531.0	6534.425	NaN	NaN	NaN	NaN	NaN	NaN	NaN	NaN	910.0	6855
NaN	NaN	NaN	NaN	530.9	6522.85	NaN	NaN	NaN	NaN	NaN	NaN	NaN	NaN	909.0	6905
NaN	NaN	NaN	NaN	530.8	6491.7	NaN	NaN	NaN	NaN	NaN	NaN	NaN	NaN	908.0	7175
NaN	NaN	NaN	NaN	530.7	6521.0	NaN	NaN	NaN	NaN	NaN	NaN	NaN	NaN	907.0	7030
NaN	NaN	NaN	NaN	530.6	6510.725	NaN	NaN	NaN	NaN	NaN	NaN	NaN	NaN	906.0	6825
NaN	NaN	NaN	NaN	530.5	6487.05	NaN	NaN	NaN	NaN	NaN	NaN	NaN	NaN	905.0	6950
NaN	NaN	NaN	NaN	530.4	6474.625	NaN	NaN	NaN	NaN	NaN	NaN	NaN	NaN	904.0	6840
NaN	NaN	NaN	NaN	530.3	6468.25	NaN	NaN	NaN	NaN	NaN	NaN	NaN	NaN	903.0	6775
NaN	NaN	NaN	NaN	530.2	6448.1	NaN	NaN	NaN	NaN	NaN	NaN	NaN	NaN	902.0	6765
NaN	NaN	NaN	NaN	530.1	6460.15	NaN	NaN	NaN	NaN	NaN	NaN	NaN	NaN	901.0	6840
NaN	NaN	NaN	NaN	530.0	6477.475	NaN	NaN	NaN	NaN	NaN	NaN	NaN	NaN	900.0	6985
NaN	NaN	NaN	NaN	529.9	6481.85	NaN	NaN	NaN	NaN	NaN	NaN	NaN	NaN	899.0	6780
NaN	NaN	NaN	NaN	529.8	6457.55	NaN	NaN	NaN	NaN	NaN	NaN	NaN	NaN	898.0	6930
NaN	NaN	NaN	NaN	529.7	6441.2	NaN	NaN	NaN	NaN	NaN	NaN	NaN	NaN	897.0	6545
NaN	NaN	NaN	NaN	529.6	6441.125	NaN	NaN	NaN	NaN	NaN	NaN	NaN	NaN	896.0	6770
NaN	NaN	NaN	NaN	529.5	6431.75	NaN	NaN	NaN	NaN	NaN	NaN	NaN	NaN	895.0	6610
NaN	NaN	NaN	NaN	529.4	6431.175	NaN	NaN	NaN	NaN	NaN	NaN	NaN	NaN	894.0	6805
NaN	NaN	NaN	NaN	529.3	6432.55	NaN	NaN	NaN	NaN	NaN	NaN	NaN	NaN	893.0	6855
NaN	NaN	NaN	NaN	529.2	6459.025	NaN	NaN	NaN	NaN	NaN	NaN	NaN	NaN	892.0	6510
NaN	NaN	NaN	NaN	529.1	6396.65	NaN	NaN	NaN	NaN	NaN	NaN	NaN	NaN	891.0	6910
NaN	NaN	NaN	NaN	529.0	6449.775	NaN	NaN	NaN	NaN	NaN	NaN	NaN	NaN	890.0	6820
NaN	NaN	NaN	NaN	528.9	6412.475	NaN	NaN	NaN	NaN	NaN	NaN	NaN	NaN	889.0	6960
NaN	NaN	NaN	NaN	528.8	6423.7	NaN	NaN	NaN	NaN	NaN	NaN	NaN	NaN	888.0	6945
NaN	NaN	NaN	NaN	528.7	6432.625	NaN	NaN	NaN	NaN	NaN	NaN	NaN	NaN	887.0	6720
NaN	NaN	NaN	NaN	528.6	6410.275	NaN	NaN	NaN	NaN	NaN	NaN	NaN	NaN	886.0	6790
NaN	NaN	NaN	NaN	528.5	6430.7	NaN	NaN	NaN	NaN	NaN	NaN	NaN	NaN	885.0	6860
NaN	NaN	NaN	NaN	528.4	6421.0	NaN	NaN	NaN	NaN	NaN	NaN	NaN	NaN	884.0	6755
NaN	NaN	NaN	NaN	528.3	6411.85	NaN	NaN	NaN	NaN	NaN	NaN	NaN	NaN	883.0	6585
NaN	NaN	NaN	NaN	528.2	6418.25	NaN	NaN	NaN	NaN	NaN	NaN	NaN	NaN	882.0	6745
NaN	NaN	NaN	NaN	528.1	6442.0	NaN	NaN	NaN	NaN	NaN	NaN	NaN	NaN	881.0	6990
NaN	NaN	NaN	NaN	528.0	6434.275	NaN	NaN	NaN	NaN	NaN	NaN	NaN	NaN	880.0	7070
NaN	NaN	NaN	NaN	527.9	6401.05	NaN	NaN	NaN	NaN	NaN	NaN	NaN	NaN	879.0	6915
NaN	NaN	NaN	NaN	527.8	6401.575	NaN	NaN	NaN	NaN	NaN	NaN	NaN	NaN	878.0	6650
NaN	NaN	NaN	NaN	527.7	6368.275	NaN	NaN	NaN	NaN	NaN	NaN	NaN	NaN	877.0	6655
NaN	NaN	NaN	NaN	527.6	6373.85	NaN	NaN	NaN	NaN	NaN	NaN	NaN	NaN	876.0	6990
NaN	NaN	NaN	NaN	527.5	6386.175	NaN	NaN	NaN	NaN	NaN	NaN	NaN	NaN	875.0	6685
NaN	NaN	NaN	NaN	527.4	6410.125	NaN	NaN	NaN	NaN	NaN	NaN	NaN	NaN	874.0	6840
NaN	NaN	NaN	NaN	527.3	6388.275	NaN	NaN	NaN	NaN	NaN	NaN	NaN	NaN	873.0	6950
NaN	NaN	NaN	NaN	527.2	6403.5	NaN	NaN	NaN	NaN	NaN	NaN	NaN	NaN	872.0	6820
NaN	NaN	NaN	NaN	527.1	6410.65	NaN	NaN	NaN	NaN	NaN	NaN	NaN	NaN	871.0	6440
NaN	NaN	NaN	NaN	527.0	6404.775	NaN	NaN	NaN	NaN	NaN	NaN	NaN	NaN	870.0	6910
NaN	NaN	NaN	NaN	526.9	6388.65	NaN	NaN	NaN	NaN	NaN	NaN	NaN	NaN	869.0	6790
NaN	NaN	NaN	NaN	526.8	6400.95	NaN	NaN	NaN	NaN	NaN	NaN	NaN	NaN	868.0	6695
NaN	NaN	NaN	NaN	526.7	6400.725	NaN	NaN	NaN	NaN	NaN	NaN	NaN	NaN	867.0	6800
NaN	NaN	NaN	NaN	526.6	6394.9	NaN	NaN	NaN	NaN	NaN	NaN	NaN	NaN	866.0	6710
NaN	NaN	NaN	NaN	526.5	6395.525	NaN	NaN	NaN	NaN	NaN	NaN	NaN	NaN	865.0	6890
NaN	NaN	NaN	NaN	526.4	6377.025	NaN	NaN	NaN	NaN	NaN	NaN	NaN	NaN	864.0	6670
NaN	NaN	NaN	NaN	526.3	6413.15	NaN	NaN	NaN	NaN	NaN	NaN	NaN	NaN	863.0	6840
NaN	NaN	NaN	NaN	526.2	6381.425	NaN	NaN	NaN	NaN	NaN	NaN	NaN	NaN	862.0	7115
NaN	NaN	NaN	NaN	526.1	6380.375	NaN	NaN	NaN	NaN	NaN	NaN	NaN	NaN	861.0	6925
NaN	NaN	NaN	NaN	526.0	6385.025	NaN	NaN	NaN	NaN	NaN	NaN	NaN	NaN	860.0	6545
NaN	NaN	NaN	NaN	525.9	6382.725	NaN	NaN	NaN	NaN	NaN	NaN	NaN	NaN	859.0	6860
NaN	NaN	NaN	NaN	525.8	6398.475	NaN	NaN	NaN	NaN	NaN	NaN	NaN	NaN	858.0	6940
NaN	NaN	NaN	NaN	525.7	6354.45	NaN	NaN	NaN	NaN	NaN	NaN	NaN	NaN	857.0	7135
NaN	NaN	NaN	NaN	525.6	6380.175	NaN	NaN	NaN	NaN	NaN	NaN	NaN	NaN	856.0	6760
NaN	NaN	NaN	NaN	525.5	6367.6	NaN	NaN	NaN	NaN	NaN	NaN	NaN	NaN	855.0	6910
NaN	NaN	NaN	NaN	525.4	6374.2	NaN	NaN	NaN	NaN	NaN	NaN	NaN	NaN	854.0	6680
NaN	NaN	NaN	NaN	525.3	6390.425	NaN	NaN	NaN	NaN	NaN	NaN	NaN	NaN	853.0	6950
NaN	NaN	NaN	NaN	525.2	6376.175	NaN	NaN	NaN	NaN	NaN	NaN	NaN	NaN	852.0	6630
NaN	NaN	NaN	NaN	525.1	6370.55	NaN	NaN	NaN	NaN	NaN	NaN	NaN	NaN	851.0	6610
NaN	NaN	NaN	NaN	525.0	6385.2	NaN	NaN	NaN	NaN	NaN	NaN	NaN	NaN	850.0	7090
NaN	NaN	NaN	NaN	NaN	NaN	NaN	NaN	NaN	NaN	NaN	NaN	NaN	NaN	849.0	6740
NaN	NaN	NaN	NaN	NaN	NaN	NaN	NaN	NaN	NaN	NaN	NaN	NaN	NaN	848.0	6820
NaN	NaN	NaN	NaN	NaN	NaN	NaN	NaN	NaN	NaN	NaN	NaN	NaN	NaN	847.0	6770
NaN	NaN	NaN	NaN	NaN	NaN	NaN	NaN	NaN	NaN	NaN	NaN	NaN	NaN	846.0	6575
NaN	NaN	NaN	NaN	NaN	NaN	NaN	NaN	NaN	NaN	NaN	NaN	NaN	NaN	845.0	7085
NaN	NaN	NaN	NaN	NaN	NaN	NaN	NaN	NaN	NaN	NaN	NaN	NaN	NaN	844.0	6635
NaN	NaN	NaN	NaN	NaN	NaN	NaN	NaN	NaN	NaN	NaN	NaN	NaN	NaN	843.0	6685
NaN	NaN	NaN	NaN	NaN	NaN	NaN	NaN	NaN	NaN	NaN	NaN	NaN	NaN	842.0	6740
NaN	NaN	NaN	NaN	NaN	NaN	NaN	NaN	NaN	NaN	NaN	NaN	NaN	NaN	841.0	6900
NaN	NaN	NaN	NaN	NaN	NaN	NaN	NaN	NaN	NaN	NaN	NaN	NaN	NaN	840.0	6710
NaN	NaN	NaN	NaN	NaN	NaN	NaN	NaN	NaN	NaN	NaN	NaN	NaN	NaN	839.0	6805
NaN	NaN	NaN	NaN	NaN	NaN	NaN	NaN	NaN	NaN	NaN	NaN	NaN	NaN	838.0	6965
NaN	NaN	NaN	NaN	NaN	NaN	NaN	NaN	NaN	NaN	NaN	NaN	NaN	NaN	837.0	6805
NaN	NaN	NaN	NaN	NaN	NaN	NaN	NaN	NaN	NaN	NaN	NaN	NaN	NaN	836.0	7020
NaN	NaN	NaN	NaN	NaN	NaN	NaN	NaN	NaN	NaN	NaN	NaN	NaN	NaN	835.0	7045
NaN	NaN	NaN	NaN	NaN	NaN	NaN	NaN	NaN	NaN	NaN	NaN	NaN	NaN	834.0	6715
NaN	NaN	NaN	NaN	NaN	NaN	NaN	NaN	NaN	NaN	NaN	NaN	NaN	NaN	833.0	6735
NaN	NaN	NaN	NaN	NaN	NaN	NaN	NaN	NaN	NaN	NaN	NaN	NaN	NaN	832.0	7095
NaN	NaN	NaN	NaN	NaN	NaN	NaN	NaN	NaN	NaN	NaN	NaN	NaN	NaN	831.0	7045
NaN	NaN	NaN	NaN	NaN	NaN	NaN	NaN	NaN	NaN	NaN	NaN	NaN	NaN	830.0	6995
NaN	NaN	NaN	NaN	NaN	NaN	NaN	NaN	NaN	NaN	NaN	NaN	NaN	NaN	829.0	6595
NaN	NaN	NaN	NaN	NaN	NaN	NaN	NaN	NaN	NaN	NaN	NaN	NaN	NaN	828.0	6935
NaN	NaN	NaN	NaN	NaN	NaN	NaN	NaN	NaN	NaN	NaN	NaN	NaN	NaN	827.0	6820
NaN	NaN	NaN	NaN	NaN	NaN	NaN	NaN	NaN	NaN	NaN	NaN	NaN	NaN	826.0	6960
NaN	NaN	NaN	NaN	NaN	NaN	NaN	NaN	NaN	NaN	NaN	NaN	NaN	NaN	825.0	7060
NaN	NaN	NaN	NaN	NaN	NaN	NaN	NaN	NaN	NaN	NaN	NaN	NaN	NaN	824.0	6945
NaN	NaN	NaN	NaN	NaN	NaN	NaN	NaN	NaN	NaN	NaN	NaN	NaN	NaN	823.0	6605
NaN	NaN	NaN	NaN	NaN	NaN	NaN	NaN	NaN	NaN	NaN	NaN	NaN	NaN	822.0	6655
NaN	NaN	NaN	NaN	NaN	NaN	NaN	NaN	NaN	NaN	NaN	NaN	NaN	NaN	821.0	7130
NaN	NaN	NaN	NaN	NaN	NaN	NaN	NaN	NaN	NaN	NaN	NaN	NaN	NaN	820.0	7110
NaN	NaN	NaN	NaN	NaN	NaN	NaN	NaN	NaN	NaN	NaN	NaN	NaN	NaN	819.0	7125
NaN	NaN	NaN	NaN	NaN	NaN	NaN	NaN	NaN	NaN	NaN	NaN	NaN	NaN	818.0	6630
NaN	NaN	NaN	NaN	NaN	NaN	NaN	NaN	NaN	NaN	NaN	NaN	NaN	NaN	817.0	6710
NaN	NaN	NaN	NaN	NaN	NaN	NaN	NaN	NaN	NaN	NaN	NaN	NaN	NaN	816.0	7055
NaN	NaN	NaN	NaN	NaN	NaN	NaN	NaN	NaN	NaN	NaN	NaN	NaN	NaN	815.0	6970
NaN	NaN	NaN	NaN	NaN	NaN	NaN	NaN	NaN	NaN	NaN	NaN	NaN	NaN	814.0	7415
NaN	NaN	NaN	NaN	NaN	NaN	NaN	NaN	NaN	NaN	NaN	NaN	NaN	NaN	813.0	6840
NaN	NaN	NaN	NaN	NaN	NaN	NaN	NaN	NaN	NaN	NaN	NaN	NaN	NaN	812.0	7000
NaN	NaN	NaN	NaN	NaN	NaN	NaN	NaN	NaN	NaN	NaN	NaN	NaN	NaN	811.0	7065
NaN	NaN	NaN	NaN	NaN	NaN	NaN	NaN	NaN	NaN	NaN	NaN	NaN	NaN	810.0	6945
NaN	NaN	NaN	NaN	NaN	NaN	NaN	NaN	NaN	NaN	NaN	NaN	NaN	NaN	809.0	7105
NaN	NaN	NaN	NaN	NaN	NaN	NaN	NaN	NaN	NaN	NaN	NaN	NaN	NaN	808.0	7235
NaN	NaN	NaN	NaN	NaN	NaN	NaN	NaN	NaN	NaN	NaN	NaN	NaN	NaN	807.0	7075
NaN	NaN	NaN	NaN	NaN	NaN	NaN	NaN	NaN	NaN	NaN	NaN	NaN	NaN	806.0	6760
NaN	NaN	NaN	NaN	NaN	NaN	NaN	NaN	NaN	NaN	NaN	NaN	NaN	NaN	805.0	7010
NaN	NaN	NaN	NaN	NaN	NaN	NaN	NaN	NaN	NaN	NaN	NaN	NaN	NaN	804.0	7065
NaN	NaN	NaN	NaN	NaN	NaN	NaN	NaN	NaN	NaN	NaN	NaN	NaN	NaN	803.0	6960
NaN	NaN	NaN	NaN	NaN	NaN	NaN	NaN	NaN	NaN	NaN	NaN	NaN	NaN	802.0	7410
NaN	NaN	NaN	NaN	NaN	NaN	NaN	NaN	NaN	NaN	NaN	NaN	NaN	NaN	801.0	7115
NaN	NaN	NaN	NaN	NaN	NaN	NaN	NaN	NaN	NaN	NaN	NaN	NaN	NaN	800.0	7315
NaN	NaN	NaN	NaN	NaN	NaN	NaN	NaN	NaN	NaN	NaN	NaN	NaN	NaN	799.0	6850
NaN	NaN	NaN	NaN	NaN	NaN	NaN	NaN	NaN	NaN	NaN	NaN	NaN	NaN	798.0	7010
NaN	NaN	NaN	NaN	NaN	NaN	NaN	NaN	NaN	NaN	NaN	NaN	NaN	NaN	797.0	7290
NaN	NaN	NaN	NaN	NaN	NaN	NaN	NaN	NaN	NaN	NaN	NaN	NaN	NaN	796.0	7090
NaN	NaN	NaN	NaN	NaN	NaN	NaN	NaN	NaN	NaN	NaN	NaN	NaN	NaN	795.0	7170
NaN	NaN	NaN	NaN	NaN	NaN	NaN	NaN	NaN	NaN	NaN	NaN	NaN	NaN	794.0	7100
NaN	NaN	NaN	NaN	NaN	NaN	NaN	NaN	NaN	NaN	NaN	NaN	NaN	NaN	793.0	7375
NaN	NaN	NaN	NaN	NaN	NaN	NaN	NaN	NaN	NaN	NaN	NaN	NaN	NaN	792.0	7030
NaN	NaN	NaN	NaN	NaN	NaN	NaN	NaN	NaN	NaN	NaN	NaN	NaN	NaN	791.0	7005
NaN	NaN	NaN	NaN	NaN	NaN	NaN	NaN	NaN	NaN	NaN	NaN	NaN	NaN	790.0	7275
NaN	NaN	NaN	NaN	NaN	NaN	NaN	NaN	NaN	NaN	NaN	NaN	NaN	NaN	789.0	6945
NaN	NaN	NaN	NaN	NaN	NaN	NaN	NaN	NaN	NaN	NaN	NaN	NaN	NaN	788.0	7335
NaN	NaN	NaN	NaN	NaN	NaN	NaN	NaN	NaN	NaN	NaN	NaN	NaN	NaN	787.0	7020
NaN	NaN	NaN	NaN	NaN	NaN	NaN	NaN	NaN	NaN	NaN	NaN	NaN	NaN	786.0	7030
NaN	NaN	NaN	NaN	NaN	NaN	NaN	NaN	NaN	NaN	NaN	NaN	NaN	NaN	785.0	7375
NaN	NaN	NaN	NaN	NaN	NaN	NaN	NaN	NaN	NaN	NaN	NaN	NaN	NaN	784.0	6940
NaN	NaN	NaN	NaN	NaN	NaN	NaN	NaN	NaN	NaN	NaN	NaN	NaN	NaN	783.0	7110
NaN	NaN	NaN	NaN	NaN	NaN	NaN	NaN	NaN	NaN	NaN	NaN	NaN	NaN	782.0	6730
NaN	NaN	NaN	NaN	NaN	NaN	NaN	NaN	NaN	NaN	NaN	NaN	NaN	NaN	781.0	7505
NaN	NaN	NaN	NaN	NaN	NaN	NaN	NaN	NaN	NaN	NaN	NaN	NaN	NaN	780.0	6975
NaN	NaN	NaN	NaN	NaN	NaN	NaN	NaN	NaN	NaN	NaN	NaN	NaN	NaN	779.0	7110
NaN	NaN	NaN	NaN	NaN	NaN	NaN	NaN	NaN	NaN	NaN	NaN	NaN	NaN	778.0	7335
NaN	NaN	NaN	NaN	NaN	NaN	NaN	NaN	NaN	NaN	NaN	NaN	NaN	NaN	777.0	7010
NaN	NaN	NaN	NaN	NaN	NaN	NaN	NaN	NaN	NaN	NaN	NaN	NaN	NaN	776.0	7115
NaN	NaN	NaN	NaN	NaN	NaN	NaN	NaN	NaN	NaN	NaN	NaN	NaN	NaN	775.0	6905
NaN	NaN	NaN	NaN	NaN	NaN	NaN	NaN	NaN	NaN	NaN	NaN	NaN	NaN	774.0	7080
NaN	NaN	NaN	NaN	NaN	NaN	NaN	NaN	NaN	NaN	NaN	NaN	NaN	NaN	773.0	7050
NaN	NaN	NaN	NaN	NaN	NaN	NaN	NaN	NaN	NaN	NaN	NaN	NaN	NaN	772.0	7375
NaN	NaN	NaN	NaN	NaN	NaN	NaN	NaN	NaN	NaN	NaN	NaN	NaN	NaN	771.0	6980
NaN	NaN	NaN	NaN	NaN	NaN	NaN	NaN	NaN	NaN	NaN	NaN	NaN	NaN	770.0	7060
NaN	NaN	NaN	NaN	NaN	NaN	NaN	NaN	NaN	NaN	NaN	NaN	NaN	NaN	769.0	7035
NaN	NaN	NaN	NaN	NaN	NaN	NaN	NaN	NaN	NaN	NaN	NaN	NaN	NaN	768.0	7195
NaN	NaN	NaN	NaN	NaN	NaN	NaN	NaN	NaN	NaN	NaN	NaN	NaN	NaN	767.0	7120
NaN	NaN	NaN	NaN	NaN	NaN	NaN	NaN	NaN	NaN	NaN	NaN	NaN	NaN	766.0	6975
NaN	NaN	NaN	NaN	NaN	NaN	NaN	NaN	NaN	NaN	NaN	NaN	NaN	NaN	765.0	7545
NaN	NaN	NaN	NaN	NaN	NaN	NaN	NaN	NaN	NaN	NaN	NaN	NaN	NaN	764.0	7550
NaN	NaN	NaN	NaN	NaN	NaN	NaN	NaN	NaN	NaN	NaN	NaN	NaN	NaN	763.0	7735
NaN	NaN	NaN	NaN	NaN	NaN	NaN	NaN	NaN	NaN	NaN	NaN	NaN	NaN	762.0	7340
NaN	NaN	NaN	NaN	NaN	NaN	NaN	NaN	NaN	NaN	NaN	NaN	NaN	NaN	761.0	7690
NaN	NaN	NaN	NaN	NaN	NaN	NaN	NaN	NaN	NaN	NaN	NaN	NaN	NaN	760.0	7380
NaN	NaN	NaN	NaN	NaN	NaN	NaN	NaN	NaN	NaN	NaN	NaN	NaN	NaN	759.0	7370
NaN	NaN	NaN	NaN	NaN	NaN	NaN	NaN	NaN	NaN	NaN	NaN	NaN	NaN	758.0	6840
NaN	NaN	NaN	NaN	NaN	NaN	NaN	NaN	NaN	NaN	NaN	NaN	NaN	NaN	757.0	7130
NaN	NaN	NaN	NaN	NaN	NaN	NaN	NaN	NaN	NaN	NaN	NaN	NaN	NaN	756.0	6935
NaN	NaN	NaN	NaN	NaN	NaN	NaN	NaN	NaN	NaN	NaN	NaN	NaN	NaN	755.0	6975
NaN	NaN	NaN	NaN	NaN	NaN	NaN	NaN	NaN	NaN	NaN	NaN	NaN	NaN	754.0	7175
NaN	NaN	NaN	NaN	NaN	NaN	NaN	NaN	NaN	NaN	NaN	NaN	NaN	NaN	753.0	6860
NaN	NaN	NaN	NaN	NaN	NaN	NaN	NaN	NaN	NaN	NaN	NaN	NaN	NaN	752.0	6785
NaN	NaN	NaN	NaN	NaN	NaN	NaN	NaN	NaN	NaN	NaN	NaN	NaN	NaN	751.0	6910
NaN	NaN	NaN	NaN	NaN	NaN	NaN	NaN	NaN	NaN	NaN	NaN	NaN	NaN	750.0	6855
NaN	NaN	NaN	NaN	NaN	NaN	NaN	NaN	NaN	NaN	NaN	NaN	NaN	NaN	749.0	6955
NaN	NaN	NaN	NaN	NaN	NaN	NaN	NaN	NaN	NaN	NaN	NaN	NaN	NaN	748.0	7290
NaN	NaN	NaN	NaN	NaN	NaN	NaN	NaN	NaN	NaN	NaN	NaN	NaN	NaN	747.0	6885
NaN	NaN	NaN	NaN	NaN	NaN	NaN	NaN	NaN	NaN	NaN	NaN	NaN	NaN	746.0	7295
NaN	NaN	NaN	NaN	NaN	NaN	NaN	NaN	NaN	NaN	NaN	NaN	NaN	NaN	745.0	6755
NaN	NaN	NaN	NaN	NaN	NaN	NaN	NaN	NaN	NaN	NaN	NaN	NaN	NaN	744.0	6980
NaN	NaN	NaN	NaN	NaN	NaN	NaN	NaN	NaN	NaN	NaN	NaN	NaN	NaN	743.0	6970
NaN	NaN	NaN	NaN	NaN	NaN	NaN	NaN	NaN	NaN	NaN	NaN	NaN	NaN	742.0	7035
NaN	NaN	NaN	NaN	NaN	NaN	NaN	NaN	NaN	NaN	NaN	NaN	NaN	NaN	741.0	7375
NaN	NaN	NaN	NaN	NaN	NaN	NaN	NaN	NaN	NaN	NaN	NaN	NaN	NaN	740.0	6700
NaN	NaN	NaN	NaN	NaN	NaN	NaN	NaN	NaN	NaN	NaN	NaN	NaN	NaN	739.0	6845
NaN	NaN	NaN	NaN	NaN	NaN	NaN	NaN	NaN	NaN	NaN	NaN	NaN	NaN	738.0	6825
NaN	NaN	NaN	NaN	NaN	NaN	NaN	NaN	NaN	NaN	NaN	NaN	NaN	NaN	737.0	6975
NaN	NaN	NaN	NaN	NaN	NaN	NaN	NaN	NaN	NaN	NaN	NaN	NaN	NaN	736.0	6790
NaN	NaN	NaN	NaN	NaN	NaN	NaN	NaN	NaN	NaN	NaN	NaN	NaN	NaN	735.0	7095
NaN	NaN	NaN	NaN	NaN	NaN	NaN	NaN	NaN	NaN	NaN	NaN	NaN	NaN	734.0	6845
NaN	NaN	NaN	NaN	NaN	NaN	NaN	NaN	NaN	NaN	NaN	NaN	NaN	NaN	733.0	6770
NaN	NaN	NaN	NaN	NaN	NaN	NaN	NaN	NaN	NaN	NaN	NaN	NaN	NaN	732.0	7050
NaN	NaN	NaN	NaN	NaN	NaN	NaN	NaN	NaN	NaN	NaN	NaN	NaN	NaN	731.0	6925
NaN	NaN	NaN	NaN	NaN	NaN	NaN	NaN	NaN	NaN	NaN	NaN	NaN	NaN	730.0	7105
NaN	NaN	NaN	NaN	NaN	NaN	NaN	NaN	NaN	NaN	NaN	NaN	NaN	NaN	729.0	7445
NaN	NaN	NaN	NaN	NaN	NaN	NaN	NaN	NaN	NaN	NaN	NaN	NaN	NaN	728.0	6985
NaN	NaN	NaN	NaN	NaN	NaN	NaN	NaN	NaN	NaN	NaN	NaN	NaN	NaN	727.0	7140
NaN	NaN	NaN	NaN	NaN	NaN	NaN	NaN	NaN	NaN	NaN	NaN	NaN	NaN	726.0	6885
NaN	NaN	NaN	NaN	NaN	NaN	NaN	NaN	NaN	NaN	NaN	NaN	NaN	NaN	725.0	7020
NaN	NaN	NaN	NaN	NaN	NaN	NaN	NaN	NaN	NaN	NaN	NaN	NaN	NaN	724.0	7220
NaN	NaN	NaN	NaN	NaN	NaN	NaN	NaN	NaN	NaN	NaN	NaN	NaN	NaN	723.0	7125
NaN	NaN	NaN	NaN	NaN	NaN	NaN	NaN	NaN	NaN	NaN	NaN	NaN	NaN	722.0	7090
NaN	NaN	NaN	NaN	NaN	NaN	NaN	NaN	NaN	NaN	NaN	NaN	NaN	NaN	721.0	6865
NaN	NaN	NaN	NaN	NaN	NaN	NaN	NaN	NaN	NaN	NaN	NaN	NaN	NaN	720.0	7345
NaN	NaN	NaN	NaN	NaN	NaN	NaN	NaN	NaN	NaN	NaN	NaN	NaN	NaN	719.0	7140
NaN	NaN	NaN	NaN	NaN	NaN	NaN	NaN	NaN	NaN	NaN	NaN	NaN	NaN	718.0	6860
NaN	NaN	NaN	NaN	NaN	NaN	NaN	NaN	NaN	NaN	NaN	NaN	NaN	NaN	717.0	7095
NaN	NaN	NaN	NaN	NaN	NaN	NaN	NaN	NaN	NaN	NaN	NaN	NaN	NaN	716.0	6865
NaN	NaN	NaN	NaN	NaN	NaN	NaN	NaN	NaN	NaN	NaN	NaN	NaN	NaN	715.0	7105
NaN	NaN	NaN	NaN	NaN	NaN	NaN	NaN	NaN	NaN	NaN	NaN	NaN	NaN	714.0	7300
NaN	NaN	NaN	NaN	NaN	NaN	NaN	NaN	NaN	NaN	NaN	NaN	NaN	NaN	713.0	6765
NaN	NaN	NaN	NaN	NaN	NaN	NaN	NaN	NaN	NaN	NaN	NaN	NaN	NaN	712.0	7230
NaN	NaN	NaN	NaN	NaN	NaN	NaN	NaN	NaN	NaN	NaN	NaN	NaN	NaN	711.0	7315
NaN	NaN	NaN	NaN	NaN	NaN	NaN	NaN	NaN	NaN	NaN	NaN	NaN	NaN	710.0	7205
NaN	NaN	NaN	NaN	NaN	NaN	NaN	NaN	NaN	NaN	NaN	NaN	NaN	NaN	709.0	7555
NaN	NaN	NaN	NaN	NaN	NaN	NaN	NaN	NaN	NaN	NaN	NaN	NaN	NaN	708.0	7300
NaN	NaN	NaN	NaN	NaN	NaN	NaN	NaN	NaN	NaN	NaN	NaN	NaN	NaN	707.0	7120
NaN	NaN	NaN	NaN	NaN	NaN	NaN	NaN	NaN	NaN	NaN	NaN	NaN	NaN	706.0	6965
NaN	NaN	NaN	NaN	NaN	NaN	NaN	NaN	NaN	NaN	NaN	NaN	NaN	NaN	705.0	7270
NaN	NaN	NaN	NaN	NaN	NaN	NaN	NaN	NaN	NaN	NaN	NaN	NaN	NaN	704.0	7010
NaN	NaN	NaN	NaN	NaN	NaN	NaN	NaN	NaN	NaN	NaN	NaN	NaN	NaN	703.0	6760
NaN	NaN	NaN	NaN	NaN	NaN	NaN	NaN	NaN	NaN	NaN	NaN	NaN	NaN	702.0	7250
NaN	NaN	NaN	NaN	NaN	NaN	NaN	NaN	NaN	NaN	NaN	NaN	NaN	NaN	701.0	7105
NaN	NaN	NaN	NaN	NaN	NaN	NaN	NaN	NaN	NaN	NaN	NaN	NaN	NaN	700.0	7285
NaN	NaN	NaN	NaN	NaN	NaN	NaN	NaN	NaN	NaN	NaN	NaN	NaN	NaN	699.0	7105
NaN	NaN	NaN	NaN	NaN	NaN	NaN	NaN	NaN	NaN	NaN	NaN	NaN	NaN	698.0	7115
NaN	NaN	NaN	NaN	NaN	NaN	NaN	NaN	NaN	NaN	NaN	NaN	NaN	NaN	697.0	7025
NaN	NaN	NaN	NaN	NaN	NaN	NaN	NaN	NaN	NaN	NaN	NaN	NaN	NaN	696.0	6940
NaN	NaN	NaN	NaN	NaN	NaN	NaN	NaN	NaN	NaN	NaN	NaN	NaN	NaN	695.0	7065
NaN	NaN	NaN	NaN	NaN	NaN	NaN	NaN	NaN	NaN	NaN	NaN	NaN	NaN	694.0	7035
NaN	NaN	NaN	NaN	NaN	NaN	NaN	NaN	NaN	NaN	NaN	NaN	NaN	NaN	693.0	6890
NaN	NaN	NaN	NaN	NaN	NaN	NaN	NaN	NaN	NaN	NaN	NaN	NaN	NaN	692.0	7085
NaN	NaN	NaN	NaN	NaN	NaN	NaN	NaN	NaN	NaN	NaN	NaN	NaN	NaN	691.0	7380
NaN	NaN	NaN	NaN	NaN	NaN	NaN	NaN	NaN	NaN	NaN	NaN	NaN	NaN	690.0	7005
NaN	NaN	NaN	NaN	NaN	NaN	NaN	NaN	NaN	NaN	NaN	NaN	NaN	NaN	689.0	7190
NaN	NaN	NaN	NaN	NaN	NaN	NaN	NaN	NaN	NaN	NaN	NaN	NaN	NaN	688.0	7320
NaN	NaN	NaN	NaN	NaN	NaN	NaN	NaN	NaN	NaN	NaN	NaN	NaN	NaN	687.0	7255
NaN	NaN	NaN	NaN	NaN	NaN	NaN	NaN	NaN	NaN	NaN	NaN	NaN	NaN	686.0	7290
NaN	NaN	NaN	NaN	NaN	NaN	NaN	NaN	NaN	NaN	NaN	NaN	NaN	NaN	685.0	7350
NaN	NaN	NaN	NaN	NaN	NaN	NaN	NaN	NaN	NaN	NaN	NaN	NaN	NaN	684.0	7250
NaN	NaN	NaN	NaN	NaN	NaN	NaN	NaN	NaN	NaN	NaN	NaN	NaN	NaN	683.0	7185
NaN	NaN	NaN	NaN	NaN	NaN	NaN	NaN	NaN	NaN	NaN	NaN	NaN	NaN	682.0	7305
NaN	NaN	NaN	NaN	NaN	NaN	NaN	NaN	NaN	NaN	NaN	NaN	NaN	NaN	681.0	7185
NaN	NaN	NaN	NaN	NaN	NaN	NaN	NaN	NaN	NaN	NaN	NaN	NaN	NaN	680.0	7060
NaN	NaN	NaN	NaN	NaN	NaN	NaN	NaN	NaN	NaN	NaN	NaN	NaN	NaN	679.0	7295
NaN	NaN	NaN	NaN	NaN	NaN	NaN	NaN	NaN	NaN	NaN	NaN	NaN	NaN	678.0	7485
NaN	NaN	NaN	NaN	NaN	NaN	NaN	NaN	NaN	NaN	NaN	NaN	NaN	NaN	677.0	7375
NaN	NaN	NaN	NaN	NaN	NaN	NaN	NaN	NaN	NaN	NaN	NaN	NaN	NaN	676.0	7395
NaN	NaN	NaN	NaN	NaN	NaN	NaN	NaN	NaN	NaN	NaN	NaN	NaN	NaN	675.0	7425
NaN	NaN	NaN	NaN	NaN	NaN	NaN	NaN	NaN	NaN	NaN	NaN	NaN	NaN	674.0	7450
NaN	NaN	NaN	NaN	NaN	NaN	NaN	NaN	NaN	NaN	NaN	NaN	NaN	NaN	673.0	7330
NaN	NaN	NaN	NaN	NaN	NaN	NaN	NaN	NaN	NaN	NaN	NaN	NaN	NaN	672.0	7700
NaN	NaN	NaN	NaN	NaN	NaN	NaN	NaN	NaN	NaN	NaN	NaN	NaN	NaN	671.0	7435
NaN	NaN	NaN	NaN	NaN	NaN	NaN	NaN	NaN	NaN	NaN	NaN	NaN	NaN	670.0	7415
NaN	NaN	NaN	NaN	NaN	NaN	NaN	NaN	NaN	NaN	NaN	NaN	NaN	NaN	669.0	7630
NaN	NaN	NaN	NaN	NaN	NaN	NaN	NaN	NaN	NaN	NaN	NaN	NaN	NaN	668.0	7765
NaN	NaN	NaN	NaN	NaN	NaN	NaN	NaN	NaN	NaN	NaN	NaN	NaN	NaN	667.0	7860
NaN	NaN	NaN	NaN	NaN	NaN	NaN	NaN	NaN	NaN	NaN	NaN	NaN	NaN	666.0	7265
NaN	NaN	NaN	NaN	NaN	NaN	NaN	NaN	NaN	NaN	NaN	NaN	NaN	NaN	665.0	7510
NaN	NaN	NaN	NaN	NaN	NaN	NaN	NaN	NaN	NaN	NaN	NaN	NaN	NaN	664.0	7240
NaN	NaN	NaN	NaN	NaN	NaN	NaN	NaN	NaN	NaN	NaN	NaN	NaN	NaN	663.0	7355
NaN	NaN	NaN	NaN	NaN	NaN	NaN	NaN	NaN	NaN	NaN	NaN	NaN	NaN	662.0	7795
NaN	NaN	NaN	NaN	NaN	NaN	NaN	NaN	NaN	NaN	NaN	NaN	NaN	NaN	661.0	7315
NaN	NaN	NaN	NaN	NaN	NaN	NaN	NaN	NaN	NaN	NaN	NaN	NaN	NaN	660.0	7535
NaN	NaN	NaN	NaN	NaN	NaN	NaN	NaN	NaN	NaN	NaN	NaN	NaN	NaN	659.0	7470
NaN	NaN	NaN	NaN	NaN	NaN	NaN	NaN	NaN	NaN	NaN	NaN	NaN	NaN	658.0	7275
NaN	NaN	NaN	NaN	NaN	NaN	NaN	NaN	NaN	NaN	NaN	NaN	NaN	NaN	657.0	7540
NaN	NaN	NaN	NaN	NaN	NaN	NaN	NaN	NaN	NaN	NaN	NaN	NaN	NaN	656.0	7340
NaN	NaN	NaN	NaN	NaN	NaN	NaN	NaN	NaN	NaN	NaN	NaN	NaN	NaN	655.0	7800
NaN	NaN	NaN	NaN	NaN	NaN	NaN	NaN	NaN	NaN	NaN	NaN	NaN	NaN	654.0	7675
NaN	NaN	NaN	NaN	NaN	NaN	NaN	NaN	NaN	NaN	NaN	NaN	NaN	NaN	653.0	7495
NaN	NaN	NaN	NaN	NaN	NaN	NaN	NaN	NaN	NaN	NaN	NaN	NaN	NaN	652.0	7860
NaN	NaN	NaN	NaN	NaN	NaN	NaN	NaN	NaN	NaN	NaN	NaN	NaN	NaN	651.0	7800
NaN	NaN	NaN	NaN	NaN	NaN	NaN	NaN	NaN	NaN	NaN	NaN	NaN	NaN	650.0	7740
NaN	NaN	NaN	NaN	NaN	NaN	NaN	NaN	NaN	NaN	NaN	NaN	NaN	NaN	649.0	8030
NaN	NaN	NaN	NaN	NaN	NaN	NaN	NaN	NaN	NaN	NaN	NaN	NaN	NaN	648.0	7915
NaN	NaN	NaN	NaN	NaN	NaN	NaN	NaN	NaN	NaN	NaN	NaN	NaN	NaN	647.0	8030
NaN	NaN	NaN	NaN	NaN	NaN	NaN	NaN	NaN	NaN	NaN	NaN	NaN	NaN	646.0	7805
NaN	NaN	NaN	NaN	NaN	NaN	NaN	NaN	NaN	NaN	NaN	NaN	NaN	NaN	645.0	7910
NaN	NaN	NaN	NaN	NaN	NaN	NaN	NaN	NaN	NaN	NaN	NaN	NaN	NaN	644.0	8190
NaN	NaN	NaN	NaN	NaN	NaN	NaN	NaN	NaN	NaN	NaN	NaN	NaN	NaN	643.0	8370
NaN	NaN	NaN	NaN	NaN	NaN	NaN	NaN	NaN	NaN	NaN	NaN	NaN	NaN	642.0	8080
NaN	NaN	NaN	NaN	NaN	NaN	NaN	NaN	NaN	NaN	NaN	NaN	NaN	NaN	641.0	7905
NaN	NaN	NaN	NaN	NaN	NaN	NaN	NaN	NaN	NaN	NaN	NaN	NaN	NaN	640.0	8515
NaN	NaN	NaN	NaN	NaN	NaN	NaN	NaN	NaN	NaN	NaN	NaN	NaN	NaN	639.0	7475
NaN	NaN	NaN	NaN	NaN	NaN	NaN	NaN	NaN	NaN	NaN	NaN	NaN	NaN	638.0	7985
NaN	NaN	NaN	NaN	NaN	NaN	NaN	NaN	NaN	NaN	NaN	NaN	NaN	NaN	637.0	7985
NaN	NaN	NaN	NaN	NaN	NaN	NaN	NaN	NaN	NaN	NaN	NaN	NaN	NaN	636.0	7555
NaN	NaN	NaN	NaN	NaN	NaN	NaN	NaN	NaN	NaN	NaN	NaN	NaN	NaN	635.0	7600
NaN	NaN	NaN	NaN	NaN	NaN	NaN	NaN	NaN	NaN	NaN	NaN	NaN	NaN	634.0	7515
NaN	NaN	NaN	NaN	NaN	NaN	NaN	NaN	NaN	NaN	NaN	NaN	NaN	NaN	633.0	7540
NaN	NaN	NaN	NaN	NaN	NaN	NaN	NaN	NaN	NaN	NaN	NaN	NaN	NaN	632.0	7825
NaN	NaN	NaN	NaN	NaN	NaN	NaN	NaN	NaN	NaN	NaN	NaN	NaN	NaN	631.0	7885
NaN	NaN	NaN	NaN	NaN	NaN	NaN	NaN	NaN	NaN	NaN	NaN	NaN	NaN	630.0	7630
NaN	NaN	NaN	NaN	NaN	NaN	NaN	NaN	NaN	NaN	NaN	NaN	NaN	NaN	629.0	7665
NaN	NaN	NaN	NaN	NaN	NaN	NaN	NaN	NaN	NaN	NaN	NaN	NaN	NaN	628.0	7770
NaN	NaN	NaN	NaN	NaN	NaN	NaN	NaN	NaN	NaN	NaN	NaN	NaN	NaN	627.0	7660
NaN	NaN	NaN	NaN	NaN	NaN	NaN	NaN	NaN	NaN	NaN	NaN	NaN	NaN	626.0	7580
NaN	NaN	NaN	NaN	NaN	NaN	NaN	NaN	NaN	NaN	NaN	NaN	NaN	NaN	625.0	7340
NaN	NaN	NaN	NaN	NaN	NaN	NaN	NaN	NaN	NaN	NaN	NaN	NaN	NaN	624.0	7465
NaN	NaN	NaN	NaN	NaN	NaN	NaN	NaN	NaN	NaN	NaN	NaN	NaN	NaN	623.0	7440
NaN	NaN	NaN	NaN	NaN	NaN	NaN	NaN	NaN	NaN	NaN	NaN	NaN	NaN	622.0	7560
NaN	NaN	NaN	NaN	NaN	NaN	NaN	NaN	NaN	NaN	NaN	NaN	NaN	NaN	621.0	7585
NaN	NaN	NaN	NaN	NaN	NaN	NaN	NaN	NaN	NaN	NaN	NaN	NaN	NaN	620.0	7500
NaN	NaN	NaN	NaN	NaN	NaN	NaN	NaN	NaN	NaN	NaN	NaN	NaN	NaN	619.0	7630
NaN	NaN	NaN	NaN	NaN	NaN	NaN	NaN	NaN	NaN	NaN	NaN	NaN	NaN	618.0	7480
NaN	NaN	NaN	NaN	NaN	NaN	NaN	NaN	NaN	NaN	NaN	NaN	NaN	NaN	617.0	7540
NaN	NaN	NaN	NaN	NaN	NaN	NaN	NaN	NaN	NaN	NaN	NaN	NaN	NaN	616.0	7610
NaN	NaN	NaN	NaN	NaN	NaN	NaN	NaN	NaN	NaN	NaN	NaN	NaN	NaN	615.0	7720
NaN	NaN	NaN	NaN	NaN	NaN	NaN	NaN	NaN	NaN	NaN	NaN	NaN	NaN	614.0	7755
NaN	NaN	NaN	NaN	NaN	NaN	NaN	NaN	NaN	NaN	NaN	NaN	NaN	NaN	613.0	7745
NaN	NaN	NaN	NaN	NaN	NaN	NaN	NaN	NaN	NaN	NaN	NaN	NaN	NaN	612.0	7935
NaN	NaN	NaN	NaN	NaN	NaN	NaN	NaN	NaN	NaN	NaN	NaN	NaN	NaN	611.0	7835
NaN	NaN	NaN	NaN	NaN	NaN	NaN	NaN	NaN	NaN	NaN	NaN	NaN	NaN	610.0	7545
NaN	NaN	NaN	NaN	NaN	NaN	NaN	NaN	NaN	NaN	NaN	NaN	NaN	NaN	609.0	7565
NaN	NaN	NaN	NaN	NaN	NaN	NaN	NaN	NaN	NaN	NaN	NaN	NaN	NaN	608.0	7740
NaN	NaN	NaN	NaN	NaN	NaN	NaN	NaN	NaN	NaN	NaN	NaN	NaN	NaN	607.0	8035
NaN	NaN	NaN	NaN	NaN	NaN	NaN	NaN	NaN	NaN	NaN	NaN	NaN	NaN	606.0	7760
NaN	NaN	NaN	NaN	NaN	NaN	NaN	NaN	NaN	NaN	NaN	NaN	NaN	NaN	605.0	7965
NaN	NaN	NaN	NaN	NaN	NaN	NaN	NaN	NaN	NaN	NaN	NaN	NaN	NaN	604.0	7995
NaN	NaN	NaN	NaN	NaN	NaN	NaN	NaN	NaN	NaN	NaN	NaN	NaN	NaN	603.0	7540
NaN	NaN	NaN	NaN	NaN	NaN	NaN	NaN	NaN	NaN	NaN	NaN	NaN	NaN	602.0	7300
NaN	NaN	NaN	NaN	NaN	NaN	NaN	NaN	NaN	NaN	NaN	NaN	NaN	NaN	601.0	7735
NaN	NaN	NaN	NaN	NaN	NaN	NaN	NaN	NaN	NaN	NaN	NaN	NaN	NaN	600.0	7645
NaN	NaN	NaN	NaN	NaN	NaN	NaN	NaN	NaN	NaN	NaN	NaN	NaN	NaN	599.0	7470
NaN	NaN	NaN	NaN	NaN	NaN	NaN	NaN	NaN	NaN	NaN	NaN	NaN	NaN	598.0	7720
NaN	NaN	NaN	NaN	NaN	NaN	NaN	NaN	NaN	NaN	NaN	NaN	NaN	NaN	597.0	8130
NaN	NaN	NaN	NaN	NaN	NaN	NaN	NaN	NaN	NaN	NaN	NaN	NaN	NaN	596.0	8060
NaN	NaN	NaN	NaN	NaN	NaN	NaN	NaN	NaN	NaN	NaN	NaN	NaN	NaN	595.0	7765
NaN	NaN	NaN	NaN	NaN	NaN	NaN	NaN	NaN	NaN	NaN	NaN	NaN	NaN	594.0	7575
NaN	NaN	NaN	NaN	NaN	NaN	NaN	NaN	NaN	NaN	NaN	NaN	NaN	NaN	593.0	7940
NaN	NaN	NaN	NaN	NaN	NaN	NaN	NaN	NaN	NaN	NaN	NaN	NaN	NaN	592.0	7845
NaN	NaN	NaN	NaN	NaN	NaN	NaN	NaN	NaN	NaN	NaN	NaN	NaN	NaN	591.0	7900
NaN	NaN	NaN	NaN	NaN	NaN	NaN	NaN	NaN	NaN	NaN	NaN	NaN	NaN	590.0	8010
NaN	NaN	NaN	NaN	NaN	NaN	NaN	NaN	NaN	NaN	NaN	NaN	NaN	NaN	589.0	7875
NaN	NaN	NaN	NaN	NaN	NaN	NaN	NaN	NaN	NaN	NaN	NaN	NaN	NaN	588.0	8050
NaN	NaN	NaN	NaN	NaN	NaN	NaN	NaN	NaN	NaN	NaN	NaN	NaN	NaN	587.0	7925
NaN	NaN	NaN	NaN	NaN	NaN	NaN	NaN	NaN	NaN	NaN	NaN	NaN	NaN	586.0	7920
NaN	NaN	NaN	NaN	NaN	NaN	NaN	NaN	NaN	NaN	NaN	NaN	NaN	NaN	585.0	7780
NaN	NaN	NaN	NaN	NaN	NaN	NaN	NaN	NaN	NaN	NaN	NaN	NaN	NaN	584.0	8095
NaN	NaN	NaN	NaN	NaN	NaN	NaN	NaN	NaN	NaN	NaN	NaN	NaN	NaN	583.0	7905
NaN	NaN	NaN	NaN	NaN	NaN	NaN	NaN	NaN	NaN	NaN	NaN	NaN	NaN	582.0	7960
NaN	NaN	NaN	NaN	NaN	NaN	NaN	NaN	NaN	NaN	NaN	NaN	NaN	NaN	581.0	8095
NaN	NaN	NaN	NaN	NaN	NaN	NaN	NaN	NaN	NaN	NaN	NaN	NaN	NaN	580.0	8165
NaN	NaN	NaN	NaN	NaN	NaN	NaN	NaN	NaN	NaN	NaN	NaN	NaN	NaN	579.0	7855
NaN	NaN	NaN	NaN	NaN	NaN	NaN	NaN	NaN	NaN	NaN	NaN	NaN	NaN	578.0	7950
NaN	NaN	NaN	NaN	NaN	NaN	NaN	NaN	NaN	NaN	NaN	NaN	NaN	NaN	577.0	7940
NaN	NaN	NaN	NaN	NaN	NaN	NaN	NaN	NaN	NaN	NaN	NaN	NaN	NaN	576.0	7985
NaN	NaN	NaN	NaN	NaN	NaN	NaN	NaN	NaN	NaN	NaN	NaN	NaN	NaN	575.0	8340
NaN	NaN	NaN	NaN	NaN	NaN	NaN	NaN	NaN	NaN	NaN	NaN	NaN	NaN	574.0	8575
NaN	NaN	NaN	NaN	NaN	NaN	NaN	NaN	NaN	NaN	NaN	NaN	NaN	NaN	573.0	8400
NaN	NaN	NaN	NaN	NaN	NaN	NaN	NaN	NaN	NaN	NaN	NaN	NaN	NaN	572.0	8355
NaN	NaN	NaN	NaN	NaN	NaN	NaN	NaN	NaN	NaN	NaN	NaN	NaN	NaN	571.0	8340
NaN	NaN	NaN	NaN	NaN	NaN	NaN	NaN	NaN	NaN	NaN	NaN	NaN	NaN	570.0	8310
NaN	NaN	NaN	NaN	NaN	NaN	NaN	NaN	NaN	NaN	NaN	NaN	NaN	NaN	569.0	8445
NaN	NaN	NaN	NaN	NaN	NaN	NaN	NaN	NaN	NaN	NaN	NaN	NaN	NaN	568.0	8420
NaN	NaN	NaN	NaN	NaN	NaN	NaN	NaN	NaN	NaN	NaN	NaN	NaN	NaN	567.0	8865
NaN	NaN	NaN	NaN	NaN	NaN	NaN	NaN	NaN	NaN	NaN	NaN	NaN	NaN	566.0	8150
NaN	NaN	NaN	NaN	NaN	NaN	NaN	NaN	NaN	NaN	NaN	NaN	NaN	NaN	565.0	8525
NaN	NaN	NaN	NaN	NaN	NaN	NaN	NaN	NaN	NaN	NaN	NaN	NaN	NaN	564.0	8245
NaN	NaN	NaN	NaN	NaN	NaN	NaN	NaN	NaN	NaN	NaN	NaN	NaN	NaN	563.0	8235
NaN	NaN	NaN	NaN	NaN	NaN	NaN	NaN	NaN	NaN	NaN	NaN	NaN	NaN	562.0	8435
NaN	NaN	NaN	NaN	NaN	NaN	NaN	NaN	NaN	NaN	NaN	NaN	NaN	NaN	561.0	7745
NaN	NaN	NaN	NaN	NaN	NaN	NaN	NaN	NaN	NaN	NaN	NaN	NaN	NaN	560.0	8515
NaN	NaN	NaN	NaN	NaN	NaN	NaN	NaN	NaN	NaN	NaN	NaN	NaN	NaN	559.0	8335
NaN	NaN	NaN	NaN	NaN	NaN	NaN	NaN	NaN	NaN	NaN	NaN	NaN	NaN	558.0	8045
NaN	NaN	NaN	NaN	NaN	NaN	NaN	NaN	NaN	NaN	NaN	NaN	NaN	NaN	557.0	8165
NaN	NaN	NaN	NaN	NaN	NaN	NaN	NaN	NaN	NaN	NaN	NaN	NaN	NaN	556.0	8250
NaN	NaN	NaN	NaN	NaN	NaN	NaN	NaN	NaN	NaN	NaN	NaN	NaN	NaN	555.0	8620
NaN	NaN	NaN	NaN	NaN	NaN	NaN	NaN	NaN	NaN	NaN	NaN	NaN	NaN	554.0	8375
NaN	NaN	NaN	NaN	NaN	NaN	NaN	NaN	NaN	NaN	NaN	NaN	NaN	NaN	553.0	8685
NaN	NaN	NaN	NaN	NaN	NaN	NaN	NaN	NaN	NaN	NaN	NaN	NaN	NaN	552.0	9175
NaN	NaN	NaN	NaN	NaN	NaN	NaN	NaN	NaN	NaN	NaN	NaN	NaN	NaN	551.0	8730
NaN	NaN	NaN	NaN	NaN	NaN	NaN	NaN	NaN	NaN	NaN	NaN	NaN	NaN	550.0	9315
NaN	NaN	NaN	NaN	NaN	NaN	NaN	NaN	NaN	NaN	NaN	NaN	NaN	NaN	549.0	9540
NaN	NaN	NaN	NaN	NaN	NaN	NaN	NaN	NaN	NaN	NaN	NaN	NaN	NaN	548.0	10235
NaN	NaN	NaN	NaN	NaN	NaN	NaN	NaN	NaN	NaN	NaN	NaN	NaN	NaN	547.0	10790
NaN	NaN	NaN	NaN	NaN	NaN	NaN	NaN	NaN	NaN	NaN	NaN	NaN	NaN	546.0	11050
NaN	NaN	NaN	NaN	NaN	NaN	NaN	NaN	NaN	NaN	NaN	NaN	NaN	NaN	545.0	10185
NaN	NaN	NaN	NaN	NaN	NaN	NaN	NaN	NaN	NaN	NaN	NaN	NaN	NaN	544.0	9795
NaN	NaN	NaN	NaN	NaN	NaN	NaN	NaN	NaN	NaN	NaN	NaN	NaN	NaN	543.0	9210
NaN	NaN	NaN	NaN	NaN	NaN	NaN	NaN	NaN	NaN	NaN	NaN	NaN	NaN	542.0	8790
NaN	NaN	NaN	NaN	NaN	NaN	NaN	NaN	NaN	NaN	NaN	NaN	NaN	NaN	541.0	8320
NaN	NaN	NaN	NaN	NaN	NaN	NaN	NaN	NaN	NaN	NaN	NaN	NaN	NaN	540.0	8290
NaN	NaN	NaN	NaN	NaN	NaN	NaN	NaN	NaN	NaN	NaN	NaN	NaN	NaN	539.0	7905
NaN	NaN	NaN	NaN	NaN	NaN	NaN	NaN	NaN	NaN	NaN	NaN	NaN	NaN	538.0	7860
NaN	NaN	NaN	NaN	NaN	NaN	NaN	NaN	NaN	NaN	NaN	NaN	NaN	NaN	537.0	7940
NaN	NaN	NaN	NaN	NaN	NaN	NaN	NaN	NaN	NaN	NaN	NaN	NaN	NaN	536.0	8205
NaN	NaN	NaN	NaN	NaN	NaN	NaN	NaN	NaN	NaN	NaN	NaN	NaN	NaN	535.0	8170
NaN	NaN	NaN	NaN	NaN	NaN	NaN	NaN	NaN	NaN	NaN	NaN	NaN	NaN	534.0	7905
NaN	NaN	NaN	NaN	NaN	NaN	NaN	NaN	NaN	NaN	NaN	NaN	NaN	NaN	533.0	8070
NaN	NaN	NaN	NaN	NaN	NaN	NaN	NaN	NaN	NaN	NaN	NaN	NaN	NaN	532.0	7905
NaN	NaN	NaN	NaN	NaN	NaN	NaN	NaN	NaN	NaN	NaN	NaN	NaN	NaN	531.0	7860
NaN	NaN	NaN	NaN	NaN	NaN	NaN	NaN	NaN	NaN	NaN	NaN	NaN	NaN	530.0	7680
NaN	NaN	NaN	NaN	NaN	NaN	NaN	NaN	NaN	NaN	NaN	NaN	NaN	NaN	529.0	7385
NaN	NaN	NaN	NaN	NaN	NaN	NaN	NaN	NaN	NaN	NaN	NaN	NaN	NaN	528.0	7740
NaN	NaN	NaN	NaN	NaN	NaN	NaN	NaN	NaN	NaN	NaN	NaN	NaN	NaN	527.0	7190
NaN	NaN	NaN	NaN	NaN	NaN	NaN	NaN	NaN	NaN	NaN	NaN	NaN	NaN	526.0	7350
NaN	NaN	NaN	NaN	NaN	NaN	NaN	NaN	NaN	NaN	NaN	NaN	NaN	NaN	525.0	7295
NaN	NaN	NaN	NaN	NaN	NaN	NaN	NaN	NaN	NaN	NaN	NaN	NaN	NaN	524.0	7530
NaN	NaN	NaN	NaN	NaN	NaN	NaN	NaN	NaN	NaN	NaN	NaN	NaN	NaN	523.0	7500
NaN	NaN	NaN	NaN	NaN	NaN	NaN	NaN	NaN	NaN	NaN	NaN	NaN	NaN	522.0	7015
NaN	NaN	NaN	NaN	NaN	NaN	NaN	NaN	NaN	NaN	NaN	NaN	NaN	NaN	521.0	7585
NaN	NaN	NaN	NaN	NaN	NaN	NaN	NaN	NaN	NaN	NaN	NaN	NaN	NaN	520.0	7435
NaN	NaN	NaN	NaN	NaN	NaN	NaN	NaN	NaN	NaN	NaN	NaN	NaN	NaN	519.0	7690
NaN	NaN	NaN	NaN	NaN	NaN	NaN	NaN	NaN	NaN	NaN	NaN	NaN	NaN	518.0	7640
NaN	NaN	NaN	NaN	NaN	NaN	NaN	NaN	NaN	NaN	NaN	NaN	NaN	NaN	517.0	7465
NaN	NaN	NaN	NaN	NaN	NaN	NaN	NaN	NaN	NaN	NaN	NaN	NaN	NaN	516.0	7390
NaN	NaN	NaN	NaN	NaN	NaN	NaN	NaN	NaN	NaN	NaN	NaN	NaN	NaN	515.0	7425
NaN	NaN	NaN	NaN	NaN	NaN	NaN	NaN	NaN	NaN	NaN	NaN	NaN	NaN	514.0	7825
NaN	NaN	NaN	NaN	NaN	NaN	NaN	NaN	NaN	NaN	NaN	NaN	NaN	NaN	513.0	7410
NaN	NaN	NaN	NaN	NaN	NaN	NaN	NaN	NaN	NaN	NaN	NaN	NaN	NaN	512.0	7550
NaN	NaN	NaN	NaN	NaN	NaN	NaN	NaN	NaN	NaN	NaN	NaN	NaN	NaN	511.0	7225
NaN	NaN	NaN	NaN	NaN	NaN	NaN	NaN	NaN	NaN	NaN	NaN	NaN	NaN	510.0	7630
NaN	NaN	NaN	NaN	NaN	NaN	NaN	NaN	NaN	NaN	NaN	NaN	NaN	NaN	509.0	7780
NaN	NaN	NaN	NaN	NaN	NaN	NaN	NaN	NaN	NaN	NaN	NaN	NaN	NaN	508.0	7480
NaN	NaN	NaN	NaN	NaN	NaN	NaN	NaN	NaN	NaN	NaN	NaN	NaN	NaN	507.0	7690
NaN	NaN	NaN	NaN	NaN	NaN	NaN	NaN	NaN	NaN	NaN	NaN	NaN	NaN	506.0	7530
NaN	NaN	NaN	NaN	NaN	NaN	NaN	NaN	NaN	NaN	NaN	NaN	NaN	NaN	505.0	7655
NaN	NaN	NaN	NaN	NaN	NaN	NaN	NaN	NaN	NaN	NaN	NaN	NaN	NaN	504.0	7815
NaN	NaN	NaN	NaN	NaN	NaN	NaN	NaN	NaN	NaN	NaN	NaN	NaN	NaN	503.0	7425
NaN	NaN	NaN	NaN	NaN	NaN	NaN	NaN	NaN	NaN	NaN	NaN	NaN	NaN	502.0	7535
NaN	NaN	NaN	NaN	NaN	NaN	NaN	NaN	NaN	NaN	NaN	NaN	NaN	NaN	501.0	7650
NaN	NaN	NaN	NaN	NaN	NaN	NaN	NaN	NaN	NaN	NaN	NaN	NaN	NaN	500.0	7720
NaN	NaN	NaN	NaN	NaN	NaN	NaN	NaN	NaN	NaN	NaN	NaN	NaN	NaN	499.0	7940
NaN	NaN	NaN	NaN	NaN	NaN	NaN	NaN	NaN	NaN	NaN	NaN	NaN	NaN	498.0	7765
NaN	NaN	NaN	NaN	NaN	NaN	NaN	NaN	NaN	NaN	NaN	NaN	NaN	NaN	497.0	7970
NaN	NaN	NaN	NaN	NaN	NaN	NaN	NaN	NaN	NaN	NaN	NaN	NaN	NaN	496.0	7745
NaN	NaN	NaN	NaN	NaN	NaN	NaN	NaN	NaN	NaN	NaN	NaN	NaN	NaN	495.0	7765
NaN	NaN	NaN	NaN	NaN	NaN	NaN	NaN	NaN	NaN	NaN	NaN	NaN	NaN	494.0	7420
NaN	NaN	NaN	NaN	NaN	NaN	NaN	NaN	NaN	NaN	NaN	NaN	NaN	NaN	493.0	7880
NaN	NaN	NaN	NaN	NaN	NaN	NaN	NaN	NaN	NaN	NaN	NaN	NaN	NaN	492.0	7780
NaN	NaN	NaN	NaN	NaN	NaN	NaN	NaN	NaN	NaN	NaN	NaN	NaN	NaN	491.0	7555
NaN	NaN	NaN	NaN	NaN	NaN	NaN	NaN	NaN	NaN	NaN	NaN	NaN	NaN	490.0	7795
NaN	NaN	NaN	NaN	NaN	NaN	NaN	NaN	NaN	NaN	NaN	NaN	NaN	NaN	489.0	7380
NaN	NaN	NaN	NaN	NaN	NaN	NaN	NaN	NaN	NaN	NaN	NaN	NaN	NaN	488.0	7625
NaN	NaN	NaN	NaN	NaN	NaN	NaN	NaN	NaN	NaN	NaN	NaN	NaN	NaN	487.0	7690
NaN	NaN	NaN	NaN	NaN	NaN	NaN	NaN	NaN	NaN	NaN	NaN	NaN	NaN	486.0	8035
NaN	NaN	NaN	NaN	NaN	NaN	NaN	NaN	NaN	NaN	NaN	NaN	NaN	NaN	485.0	7775
NaN	NaN	NaN	NaN	NaN	NaN	NaN	NaN	NaN	NaN	NaN	NaN	NaN	NaN	484.0	7915
NaN	NaN	NaN	NaN	NaN	NaN	NaN	NaN	NaN	NaN	NaN	NaN	NaN	NaN	483.0	7850
NaN	NaN	NaN	NaN	NaN	NaN	NaN	NaN	NaN	NaN	NaN	NaN	NaN	NaN	482.0	8045
NaN	NaN	NaN	NaN	NaN	NaN	NaN	NaN	NaN	NaN	NaN	NaN	NaN	NaN	481.0	8290
NaN	NaN	NaN	NaN	NaN	NaN	NaN	NaN	NaN	NaN	NaN	NaN	NaN	NaN	480.0	7900
NaN	NaN	NaN	NaN	NaN	NaN	NaN	NaN	NaN	NaN	NaN	NaN	NaN	NaN	479.0	7835
NaN	NaN	NaN	NaN	NaN	NaN	NaN	NaN	NaN	NaN	NaN	NaN	NaN	NaN	478.0	7880
NaN	NaN	NaN	NaN	NaN	NaN	NaN	NaN	NaN	NaN	NaN	NaN	NaN	NaN	477.0	7945
NaN	NaN	NaN	NaN	NaN	NaN	NaN	NaN	NaN	NaN	NaN	NaN	NaN	NaN	476.0	7775
NaN	NaN	NaN	NaN	NaN	NaN	NaN	NaN	NaN	NaN	NaN	NaN	NaN	NaN	475.0	8125
NaN	NaN	NaN	NaN	NaN	NaN	NaN	NaN	NaN	NaN	NaN	NaN	NaN	NaN	474.0	8255
NaN	NaN	NaN	NaN	NaN	NaN	NaN	NaN	NaN	NaN	NaN	NaN	NaN	NaN	473.0	8310
NaN	NaN	NaN	NaN	NaN	NaN	NaN	NaN	NaN	NaN	NaN	NaN	NaN	NaN	472.0	7990
NaN	NaN	NaN	NaN	NaN	NaN	NaN	NaN	NaN	NaN	NaN	NaN	NaN	NaN	471.0	8130
NaN	NaN	NaN	NaN	NaN	NaN	NaN	NaN	NaN	NaN	NaN	NaN	NaN	NaN	470.0	8040
NaN	NaN	NaN	NaN	NaN	NaN	NaN	NaN	NaN	NaN	NaN	NaN	NaN	NaN	469.0	8045
NaN	NaN	NaN	NaN	NaN	NaN	NaN	NaN	NaN	NaN	NaN	NaN	NaN	NaN	468.0	7835
NaN	NaN	NaN	NaN	NaN	NaN	NaN	NaN	NaN	NaN	NaN	NaN	NaN	NaN	467.0	8135
NaN	NaN	NaN	NaN	NaN	NaN	NaN	NaN	NaN	NaN	NaN	NaN	NaN	NaN	466.0	7820
NaN	NaN	NaN	NaN	NaN	NaN	NaN	NaN	NaN	NaN	NaN	NaN	NaN	NaN	465.0	8140
NaN	NaN	NaN	NaN	NaN	NaN	NaN	NaN	NaN	NaN	NaN	NaN	NaN	NaN	464.0	7910
NaN	NaN	NaN	NaN	NaN	NaN	NaN	NaN	NaN	NaN	NaN	NaN	NaN	NaN	463.0	7455
NaN	NaN	NaN	NaN	NaN	NaN	NaN	NaN	NaN	NaN	NaN	NaN	NaN	NaN	462.0	7895
NaN	NaN	NaN	NaN	NaN	NaN	NaN	NaN	NaN	NaN	NaN	NaN	NaN	NaN	461.0	8150
NaN	NaN	NaN	NaN	NaN	NaN	NaN	NaN	NaN	NaN	NaN	NaN	NaN	NaN	460.0	8100
NaN	NaN	NaN	NaN	NaN	NaN	NaN	NaN	NaN	NaN	NaN	NaN	NaN	NaN	459.0	8095
NaN	NaN	NaN	NaN	NaN	NaN	NaN	NaN	NaN	NaN	NaN	NaN	NaN	NaN	458.0	8175
NaN	NaN	NaN	NaN	NaN	NaN	NaN	NaN	NaN	NaN	NaN	NaN	NaN	NaN	457.0	8310
NaN	NaN	NaN	NaN	NaN	NaN	NaN	NaN	NaN	NaN	NaN	NaN	NaN	NaN	456.0	8460
NaN	NaN	NaN	NaN	NaN	NaN	NaN	NaN	NaN	NaN	NaN	NaN	NaN	NaN	455.0	8340
NaN	NaN	NaN	NaN	NaN	NaN	NaN	NaN	NaN	NaN	NaN	NaN	NaN	NaN	454.0	8030
NaN	NaN	NaN	NaN	NaN	NaN	NaN	NaN	NaN	NaN	NaN	NaN	NaN	NaN	453.0	8115
NaN	NaN	NaN	NaN	NaN	NaN	NaN	NaN	NaN	NaN	NaN	NaN	NaN	NaN	452.0	8325
NaN	NaN	NaN	NaN	NaN	NaN	NaN	NaN	NaN	NaN	NaN	NaN	NaN	NaN	451.0	8205
NaN	NaN	NaN	NaN	NaN	NaN	NaN	NaN	NaN	NaN	NaN	NaN	NaN	NaN	450.0	7750
NaN	NaN	NaN	NaN	NaN	NaN	NaN	NaN	NaN	NaN	NaN	NaN	NaN	NaN	449.0	8140
NaN	NaN	NaN	NaN	NaN	NaN	NaN	NaN	NaN	NaN	NaN	NaN	NaN	NaN	448.0	8135
NaN	NaN	NaN	NaN	NaN	NaN	NaN	NaN	NaN	NaN	NaN	NaN	NaN	NaN	447.0	8320
NaN	NaN	NaN	NaN	NaN	NaN	NaN	NaN	NaN	NaN	NaN	NaN	NaN	NaN	446.0	8445
NaN	NaN	NaN	NaN	NaN	NaN	NaN	NaN	NaN	NaN	NaN	NaN	NaN	NaN	445.0	8140
NaN	NaN	NaN	NaN	NaN	NaN	NaN	NaN	NaN	NaN	NaN	NaN	NaN	NaN	444.0	8070
NaN	NaN	NaN	NaN	NaN	NaN	NaN	NaN	NaN	NaN	NaN	NaN	NaN	NaN	443.0	8155
NaN	NaN	NaN	NaN	NaN	NaN	NaN	NaN	NaN	NaN	NaN	NaN	NaN	NaN	442.0	7980
NaN	NaN	NaN	NaN	NaN	NaN	NaN	NaN	NaN	NaN	NaN	NaN	NaN	NaN	441.0	8455
NaN	NaN	NaN	NaN	NaN	NaN	NaN	NaN	NaN	NaN	NaN	NaN	NaN	NaN	440.0	8220
NaN	NaN	NaN	NaN	NaN	NaN	NaN	NaN	NaN	NaN	NaN	NaN	NaN	NaN	439.0	8405
NaN	NaN	NaN	NaN	NaN	NaN	NaN	NaN	NaN	NaN	NaN	NaN	NaN	NaN	438.0	8360
NaN	NaN	NaN	NaN	NaN	NaN	NaN	NaN	NaN	NaN	NaN	NaN	NaN	NaN	437.0	8765
NaN	NaN	NaN	NaN	NaN	NaN	NaN	NaN	NaN	NaN	NaN	NaN	NaN	NaN	436.0	8305
NaN	NaN	NaN	NaN	NaN	NaN	NaN	NaN	NaN	NaN	NaN	NaN	NaN	NaN	435.0	8630
NaN	NaN	NaN	NaN	NaN	NaN	NaN	NaN	NaN	NaN	NaN	NaN	NaN	NaN	434.0	8435
NaN	NaN	NaN	NaN	NaN	NaN	NaN	NaN	NaN	NaN	NaN	NaN	NaN	NaN	433.0	8500
NaN	NaN	NaN	NaN	NaN	NaN	NaN	NaN	NaN	NaN	NaN	NaN	NaN	NaN	432.0	8845
NaN	NaN	NaN	NaN	NaN	NaN	NaN	NaN	NaN	NaN	NaN	NaN	NaN	NaN	431.0	8705
NaN	NaN	NaN	NaN	NaN	NaN	NaN	NaN	NaN	NaN	NaN	NaN	NaN	NaN	430.0	8525
NaN	NaN	NaN	NaN	NaN	NaN	NaN	NaN	NaN	NaN	NaN	NaN	NaN	NaN	429.0	9015
NaN	NaN	NaN	NaN	NaN	NaN	NaN	NaN	NaN	NaN	NaN	NaN	NaN	NaN	428.0	8735
NaN	NaN	NaN	NaN	NaN	NaN	NaN	NaN	NaN	NaN	NaN	NaN	NaN	NaN	427.0	8200
NaN	NaN	NaN	NaN	NaN	NaN	NaN	NaN	NaN	NaN	NaN	NaN	NaN	NaN	426.0	8585
NaN	NaN	NaN	NaN	NaN	NaN	NaN	NaN	NaN	NaN	NaN	NaN	NaN	NaN	425.0	8710
NaN	NaN	NaN	NaN	NaN	NaN	NaN	NaN	NaN	NaN	NaN	NaN	NaN	NaN	424.0	8815
NaN	NaN	NaN	NaN	NaN	NaN	NaN	NaN	NaN	NaN	NaN	NaN	NaN	NaN	423.0	9115
NaN	NaN	NaN	NaN	NaN	NaN	NaN	NaN	NaN	NaN	NaN	NaN	NaN	NaN	422.0	8645
NaN	NaN	NaN	NaN	NaN	NaN	NaN	NaN	NaN	NaN	NaN	NaN	NaN	NaN	421.0	8915
NaN	NaN	NaN	NaN	NaN	NaN	NaN	NaN	NaN	NaN	NaN	NaN	NaN	NaN	420.0	8800
NaN	NaN	NaN	NaN	NaN	NaN	NaN	NaN	NaN	NaN	NaN	NaN	NaN	NaN	419.0	8880
NaN	NaN	NaN	NaN	NaN	NaN	NaN	NaN	NaN	NaN	NaN	NaN	NaN	NaN	418.0	8750
NaN	NaN	NaN	NaN	NaN	NaN	NaN	NaN	NaN	NaN	NaN	NaN	NaN	NaN	417.0	8685
NaN	NaN	NaN	NaN	NaN	NaN	NaN	NaN	NaN	NaN	NaN	NaN	NaN	NaN	416.0	8860
NaN	NaN	NaN	NaN	NaN	NaN	NaN	NaN	NaN	NaN	NaN	NaN	NaN	NaN	415.0	8925
NaN	NaN	NaN	NaN	NaN	NaN	NaN	NaN	NaN	NaN	NaN	NaN	NaN	NaN	414.0	8785
NaN	NaN	NaN	NaN	NaN	NaN	NaN	NaN	NaN	NaN	NaN	NaN	NaN	NaN	413.0	8920
NaN	NaN	NaN	NaN	NaN	NaN	NaN	NaN	NaN	NaN	NaN	NaN	NaN	NaN	412.0	9205
NaN	NaN	NaN	NaN	NaN	NaN	NaN	NaN	NaN	NaN	NaN	NaN	NaN	NaN	411.0	9030
NaN	NaN	NaN	NaN	NaN	NaN	NaN	NaN	NaN	NaN	NaN	NaN	NaN	NaN	410.0	8840
NaN	NaN	NaN	NaN	NaN	NaN	NaN	NaN	NaN	NaN	NaN	NaN	NaN	NaN	409.0	8920
NaN	NaN	NaN	NaN	NaN	NaN	NaN	NaN	NaN	NaN	NaN	NaN	NaN	NaN	408.0	9185
NaN	NaN	NaN	NaN	NaN	NaN	NaN	NaN	NaN	NaN	NaN	NaN	NaN	NaN	407.0	8755
NaN	NaN	NaN	NaN	NaN	NaN	NaN	NaN	NaN	NaN	NaN	NaN	NaN	NaN	406.0	9100
NaN	NaN	NaN	NaN	NaN	NaN	NaN	NaN	NaN	NaN	NaN	NaN	NaN	NaN	405.0	8930
NaN	NaN	NaN	NaN	NaN	NaN	NaN	NaN	NaN	NaN	NaN	NaN	NaN	NaN	404.0	9130
NaN	NaN	NaN	NaN	NaN	NaN	NaN	NaN	NaN	NaN	NaN	NaN	NaN	NaN	403.0	8945
NaN	NaN	NaN	NaN	NaN	NaN	NaN	NaN	NaN	NaN	NaN	NaN	NaN	NaN	402.0	9015
NaN	NaN	NaN	NaN	NaN	NaN	NaN	NaN	NaN	NaN	NaN	NaN	NaN	NaN	401.0	9235
NaN	NaN	NaN	NaN	NaN	NaN	NaN	NaN	NaN	NaN	NaN	NaN	NaN	NaN	400.0	9220
NaN	NaN	NaN	NaN	NaN	NaN	NaN	NaN	NaN	NaN	NaN	NaN	NaN	NaN	399.0	9545
NaN	NaN	NaN	NaN	NaN	NaN	NaN	NaN	NaN	NaN	NaN	NaN	NaN	NaN	398.0	9175
NaN	NaN	NaN	NaN	NaN	NaN	NaN	NaN	NaN	NaN	NaN	NaN	NaN	NaN	397.0	9480
NaN	NaN	NaN	NaN	NaN	NaN	NaN	NaN	NaN	NaN	NaN	NaN	NaN	NaN	396.0	9420
NaN	NaN	NaN	NaN	NaN	NaN	NaN	NaN	NaN	NaN	NaN	NaN	NaN	NaN	395.0	9590
NaN	NaN	NaN	NaN	NaN	NaN	NaN	NaN	NaN	NaN	NaN	NaN	NaN	NaN	394.0	9095
NaN	NaN	NaN	NaN	NaN	NaN	NaN	NaN	NaN	NaN	NaN	NaN	NaN	NaN	393.0	9995
NaN	NaN	NaN	NaN	NaN	NaN	NaN	NaN	NaN	NaN	NaN	NaN	NaN	NaN	392.0	9755
NaN	NaN	NaN	NaN	NaN	NaN	NaN	NaN	NaN	NaN	NaN	NaN	NaN	NaN	391.0	9330
NaN	NaN	NaN	NaN	NaN	NaN	NaN	NaN	NaN	NaN	NaN	NaN	NaN	NaN	390.0	9400
NaN	NaN	NaN	NaN	NaN	NaN	NaN	NaN	NaN	NaN	NaN	NaN	NaN	NaN	389.0	9755
NaN	NaN	NaN	NaN	NaN	NaN	NaN	NaN	NaN	NaN	NaN	NaN	NaN	NaN	388.0	9460
NaN	NaN	NaN	NaN	NaN	NaN	NaN	NaN	NaN	NaN	NaN	NaN	NaN	NaN	387.0	9655
NaN	NaN	NaN	NaN	NaN	NaN	NaN	NaN	NaN	NaN	NaN	NaN	NaN	NaN	386.0	9650
NaN	NaN	NaN	NaN	NaN	NaN	NaN	NaN	NaN	NaN	NaN	NaN	NaN	NaN	385.0	9705
NaN	NaN	NaN	NaN	NaN	NaN	NaN	NaN	NaN	NaN	NaN	NaN	NaN	NaN	384.0	9535
NaN	NaN	NaN	NaN	NaN	NaN	NaN	NaN	NaN	NaN	NaN	NaN	NaN	NaN	383.0	9755
NaN	NaN	NaN	NaN	NaN	NaN	NaN	NaN	NaN	NaN	NaN	NaN	NaN	NaN	382.0	10390
NaN	NaN	NaN	NaN	NaN	NaN	NaN	NaN	NaN	NaN	NaN	NaN	NaN	NaN	381.0	9460
NaN	NaN	NaN	NaN	NaN	NaN	NaN	NaN	NaN	NaN	NaN	NaN	NaN	NaN	380.0	9580
NaN	NaN	NaN	NaN	NaN	NaN	NaN	NaN	NaN	NaN	NaN	NaN	NaN	NaN	379.0	9905
NaN	NaN	NaN	NaN	NaN	NaN	NaN	NaN	NaN	NaN	NaN	NaN	NaN	NaN	378.0	9535
NaN	NaN	NaN	NaN	NaN	NaN	NaN	NaN	NaN	NaN	NaN	NaN	NaN	NaN	377.0	9515
NaN	NaN	NaN	NaN	NaN	NaN	NaN	NaN	NaN	NaN	NaN	NaN	NaN	NaN	376.0	9505
NaN	NaN	NaN	NaN	NaN	NaN	NaN	NaN	NaN	NaN	NaN	NaN	NaN	NaN	375.0	9780
NaN	NaN	NaN	NaN	NaN	NaN	NaN	NaN	NaN	NaN	NaN	NaN	NaN	NaN	374.0	9680
NaN	NaN	NaN	NaN	NaN	NaN	NaN	NaN	NaN	NaN	NaN	NaN	NaN	NaN	373.0	9995
NaN	NaN	NaN	NaN	NaN	NaN	NaN	NaN	NaN	NaN	NaN	NaN	NaN	NaN	372.0	10195
NaN	NaN	NaN	NaN	NaN	NaN	NaN	NaN	NaN	NaN	NaN	NaN	NaN	NaN	371.0	10185
NaN	NaN	NaN	NaN	NaN	NaN	NaN	NaN	NaN	NaN	NaN	NaN	NaN	NaN	370.0	9645
NaN	NaN	NaN	NaN	NaN	NaN	NaN	NaN	NaN	NaN	NaN	NaN	NaN	NaN	369.0	10010
NaN	NaN	NaN	NaN	NaN	NaN	NaN	NaN	NaN	NaN	NaN	NaN	NaN	NaN	368.0	10030
NaN	NaN	NaN	NaN	NaN	NaN	NaN	NaN	NaN	NaN	NaN	NaN	NaN	NaN	367.0	10015
NaN	NaN	NaN	NaN	NaN	NaN	NaN	NaN	NaN	NaN	NaN	NaN	NaN	NaN	366.0	10195
NaN	NaN	NaN	NaN	NaN	NaN	NaN	NaN	NaN	NaN	NaN	NaN	NaN	NaN	365.0	9910
NaN	NaN	NaN	NaN	NaN	NaN	NaN	NaN	NaN	NaN	NaN	NaN	NaN	NaN	364.0	9745
NaN	NaN	NaN	NaN	NaN	NaN	NaN	NaN	NaN	NaN	NaN	NaN	NaN	NaN	363.0	10025
NaN	NaN	NaN	NaN	NaN	NaN	NaN	NaN	NaN	NaN	NaN	NaN	NaN	NaN	362.0	10065
NaN	NaN	NaN	NaN	NaN	NaN	NaN	NaN	NaN	NaN	NaN	NaN	NaN	NaN	361.0	10255
NaN	NaN	NaN	NaN	NaN	NaN	NaN	NaN	NaN	NaN	NaN	NaN	NaN	NaN	360.0	10765
NaN	NaN	NaN	NaN	NaN	NaN	NaN	NaN	NaN	NaN	NaN	NaN	NaN	NaN	359.0	10910
NaN	NaN	NaN	NaN	NaN	NaN	NaN	NaN	NaN	NaN	NaN	NaN	NaN	NaN	358.0	10980
NaN	NaN	NaN	NaN	NaN	NaN	NaN	NaN	NaN	NaN	NaN	NaN	NaN	NaN	357.0	11620
NaN	NaN	NaN	NaN	NaN	NaN	NaN	NaN	NaN	NaN	NaN	NaN	NaN	NaN	356.0	12600
NaN	NaN	NaN	NaN	NaN	NaN	NaN	NaN	NaN	NaN	NaN	NaN	NaN	NaN	355.0	13580
NaN	NaN	NaN	NaN	NaN	NaN	NaN	NaN	NaN	NaN	NaN	NaN	NaN	NaN	354.0	14970
NaN	NaN	NaN	NaN	NaN	NaN	NaN	NaN	NaN	NaN	NaN	NaN	NaN	NaN	353.0	15275
NaN	NaN	NaN	NaN	NaN	NaN	NaN	NaN	NaN	NaN	NaN	NaN	NaN	NaN	352.0	13760
NaN	NaN	NaN	NaN	NaN	NaN	NaN	NaN	NaN	NaN	NaN	NaN	NaN	NaN	351.0	12175
NaN	NaN	NaN	NaN	NaN	NaN	NaN	NaN	NaN	NaN	NaN	NaN	NaN	NaN	350.0	11060
NaN	NaN	NaN	NaN	NaN	NaN	NaN	NaN	NaN	NaN	NaN	NaN	NaN	NaN	349.0	10465
NaN	NaN	NaN	NaN	NaN	NaN	NaN	NaN	NaN	NaN	NaN	NaN	NaN	NaN	348.0	9715
NaN	NaN	NaN	NaN	NaN	NaN	NaN	NaN	NaN	NaN	NaN	NaN	NaN	NaN	347.0	9815
NaN	NaN	NaN	NaN	NaN	NaN	NaN	NaN	NaN	NaN	NaN	NaN	NaN	NaN	346.0	9375
NaN	NaN	NaN	NaN	NaN	NaN	NaN	NaN	NaN	NaN	NaN	NaN	NaN	NaN	345.0	8870
NaN	NaN	NaN	NaN	NaN	NaN	NaN	NaN	NaN	NaN	NaN	NaN	NaN	NaN	344.0	10170
NaN	NaN	NaN	NaN	NaN	NaN	NaN	NaN	NaN	NaN	NaN	NaN	NaN	NaN	343.0	9390
NaN	NaN	NaN	NaN	NaN	NaN	NaN	NaN	NaN	NaN	NaN	NaN	NaN	NaN	342.0	9440
NaN	NaN	NaN	NaN	NaN	NaN	NaN	NaN	NaN	NaN	NaN	NaN	NaN	NaN	341.0	10005
NaN	NaN	NaN	NaN	NaN	NaN	NaN	NaN	NaN	NaN	NaN	NaN	NaN	NaN	340.0	10170
NaN	NaN	NaN	NaN	NaN	NaN	NaN	NaN	NaN	NaN	NaN	NaN	NaN	NaN	339.0	10730
NaN	NaN	NaN	NaN	NaN	NaN	NaN	NaN	NaN	NaN	NaN	NaN	NaN	NaN	338.0	12495
NaN	NaN	NaN	NaN	NaN	NaN	NaN	NaN	NaN	NaN	NaN	NaN	NaN	NaN	337.0	13995
NaN	NaN	NaN	NaN	NaN	NaN	NaN	NaN	NaN	NaN	NaN	NaN	NaN	NaN	336.0	15650
NaN	NaN	NaN	NaN	NaN	NaN	NaN	NaN	NaN	NaN	NaN	NaN	NaN	NaN	335.0	16525
NaN	NaN	NaN	NaN	NaN	NaN	NaN	NaN	NaN	NaN	NaN	NaN	NaN	NaN	334.0	14210
NaN	NaN	NaN	NaN	NaN	NaN	NaN	NaN	NaN	NaN	NaN	NaN	NaN	NaN	333.0	11825
NaN	NaN	NaN	NaN	NaN	NaN	NaN	NaN	NaN	NaN	NaN	NaN	NaN	NaN	332.0	9735
NaN	NaN	NaN	NaN	NaN	NaN	NaN	NaN	NaN	NaN	NaN	NaN	NaN	NaN	331.0	8515
NaN	NaN	NaN	NaN	NaN	NaN	NaN	NaN	NaN	NaN	NaN	NaN	NaN	NaN	330.0	8155
NaN	NaN	NaN	NaN	NaN	NaN	NaN	NaN	NaN	NaN	NaN	NaN	NaN	NaN	329.0	7425
NaN	NaN	NaN	NaN	NaN	NaN	NaN	NaN	NaN	NaN	NaN	NaN	NaN	NaN	328.0	7350
NaN	NaN	NaN	NaN	NaN	NaN	NaN	NaN	NaN	NaN	NaN	NaN	NaN	NaN	327.0	7230
NaN	NaN	NaN	NaN	NaN	NaN	NaN	NaN	NaN	NaN	NaN	NaN	NaN	NaN	326.0	7355
NaN	NaN	NaN	NaN	NaN	NaN	NaN	NaN	NaN	NaN	NaN	NaN	NaN	NaN	325.0	7085
NaN	NaN	NaN	NaN	NaN	NaN	NaN	NaN	NaN	NaN	NaN	NaN	NaN	NaN	324.0	7160
NaN	NaN	NaN	NaN	NaN	NaN	NaN	NaN	NaN	NaN	NaN	NaN	NaN	NaN	323.0	6635
NaN	NaN	NaN	NaN	NaN	NaN	NaN	NaN	NaN	NaN	NaN	NaN	NaN	NaN	322.0	6155
NaN	NaN	NaN	NaN	NaN	NaN	NaN	NaN	NaN	NaN	NaN	NaN	NaN	NaN	321.0	6160
NaN	NaN	NaN	NaN	NaN	NaN	NaN	NaN	NaN	NaN	NaN	NaN	NaN	NaN	320.0	5735
NaN	NaN	NaN	NaN	NaN	NaN	NaN	NaN	NaN	NaN	NaN	NaN	NaN	NaN	319.0	5945
NaN	NaN	NaN	NaN	NaN	NaN	NaN	NaN	NaN	NaN	NaN	NaN	NaN	NaN	318.0	5785
NaN	NaN	NaN	NaN	NaN	NaN	NaN	NaN	NaN	NaN	NaN	NaN	NaN	NaN	317.0	6400
NaN	NaN	NaN	NaN	NaN	NaN	NaN	NaN	NaN	NaN	NaN	NaN	NaN	NaN	316.0	5775
NaN	NaN	NaN	NaN	NaN	NaN	NaN	NaN	NaN	NaN	NaN	NaN	NaN	NaN	315.0	5705
NaN	NaN	NaN	NaN	NaN	NaN	NaN	NaN	NaN	NaN	NaN	NaN	NaN	NaN	314.0	5705
NaN	NaN	NaN	NaN	NaN	NaN	NaN	NaN	NaN	NaN	NaN	NaN	NaN	NaN	313.0	5680
NaN	NaN	NaN	NaN	NaN	NaN	NaN	NaN	NaN	NaN	NaN	NaN	NaN	NaN	312.0	5730
NaN	NaN	NaN	NaN	NaN	NaN	NaN	NaN	NaN	NaN	NaN	NaN	NaN	NaN	311.0	5890
NaN	NaN	NaN	NaN	NaN	NaN	NaN	NaN	NaN	NaN	NaN	NaN	NaN	NaN	310.0	5305
NaN	NaN	NaN	NaN	NaN	NaN	NaN	NaN	NaN	NaN	NaN	NaN	NaN	NaN	309.0	5425
NaN	NaN	NaN	NaN	NaN	NaN	NaN	NaN	NaN	NaN	NaN	NaN	NaN	NaN	308.0	5570
NaN	NaN	NaN	NaN	NaN	NaN	NaN	NaN	NaN	NaN	NaN	NaN	NaN	NaN	307.0	5720
NaN	NaN	NaN	NaN	NaN	NaN	NaN	NaN	NaN	NaN	NaN	NaN	NaN	NaN	306.0	5470
NaN	NaN	NaN	NaN	NaN	NaN	NaN	NaN	NaN	NaN	NaN	NaN	NaN	NaN	305.0	5195
NaN	NaN	NaN	NaN	NaN	NaN	NaN	NaN	NaN	NaN	NaN	NaN	NaN	NaN	304.0	5455
NaN	NaN	NaN	NaN	NaN	NaN	NaN	NaN	NaN	NaN	NaN	NaN	NaN	NaN	303.0	5545
NaN	NaN	NaN	NaN	NaN	NaN	NaN	NaN	NaN	NaN	NaN	NaN	NaN	NaN	302.0	5510
NaN	NaN	NaN	NaN	NaN	NaN	NaN	NaN	NaN	NaN	NaN	NaN	NaN	NaN	301.0	5285
NaN	NaN	NaN	NaN	NaN	NaN	NaN	NaN	NaN	NaN	NaN	NaN	NaN	NaN	300.0	5360
NaN	NaN	NaN	NaN	NaN	NaN	NaN	NaN	NaN	NaN	NaN	NaN	NaN	NaN	299.0	5390
NaN	NaN	NaN	NaN	NaN	NaN	NaN	NaN	NaN	NaN	NaN	NaN	NaN	NaN	298.0	5465
NaN	NaN	NaN	NaN	NaN	NaN	NaN	NaN	NaN	NaN	NaN	NaN	NaN	NaN	297.0	5710
NaN	NaN	NaN	NaN	NaN	NaN	NaN	NaN	NaN	NaN	NaN	NaN	NaN	NaN	296.0	5275
NaN	NaN	NaN	NaN	NaN	NaN	NaN	NaN	NaN	NaN	NaN	NaN	NaN	NaN	295.0	5575
NaN	NaN	NaN	NaN	NaN	NaN	NaN	NaN	NaN	NaN	NaN	NaN	NaN	NaN	294.0	5575
NaN	NaN	NaN	NaN	NaN	NaN	NaN	NaN	NaN	NaN	NaN	NaN	NaN	NaN	293.0	5535
NaN	NaN	NaN	NaN	NaN	NaN	NaN	NaN	NaN	NaN	NaN	NaN	NaN	NaN	292.0	5675
NaN	NaN	NaN	NaN	NaN	NaN	NaN	NaN	NaN	NaN	NaN	NaN	NaN	NaN	291.0	5445
NaN	NaN	NaN	NaN	NaN	NaN	NaN	NaN	NaN	NaN	NaN	NaN	NaN	NaN	290.0	5310
NaN	NaN	NaN	NaN	NaN	NaN	NaN	NaN	NaN	NaN	NaN	NaN	NaN	NaN	289.0	5570
NaN	NaN	NaN	NaN	NaN	NaN	NaN	NaN	NaN	NaN	NaN	NaN	NaN	NaN	288.0	5730
NaN	NaN	NaN	NaN	NaN	NaN	NaN	NaN	NaN	NaN	NaN	NaN	NaN	NaN	287.0	6120
NaN	NaN	NaN	NaN	NaN	NaN	NaN	NaN	NaN	NaN	NaN	NaN	NaN	NaN	286.0	6380
NaN	NaN	NaN	NaN	NaN	NaN	NaN	NaN	NaN	NaN	NaN	NaN	NaN	NaN	285.0	6365
NaN	NaN	NaN	NaN	NaN	NaN	NaN	NaN	NaN	NaN	NaN	NaN	NaN	NaN	284.0	6145
NaN	NaN	NaN	NaN	NaN	NaN	NaN	NaN	NaN	NaN	NaN	NaN	NaN	NaN	283.0	5595
NaN	NaN	NaN	NaN	NaN	NaN	NaN	NaN	NaN	NaN	NaN	NaN	NaN	NaN	282.0	5300
NaN	NaN	NaN	NaN	NaN	NaN	NaN	NaN	NaN	NaN	NaN	NaN	NaN	NaN	281.0	5415
NaN	NaN	NaN	NaN	NaN	NaN	NaN	NaN	NaN	NaN	NaN	NaN	NaN	NaN	280.0	5585
NaN	NaN	NaN	NaN	NaN	NaN	NaN	NaN	NaN	NaN	NaN	NaN	NaN	NaN	279.0	5535
NaN	NaN	NaN	NaN	NaN	NaN	NaN	NaN	NaN	NaN	NaN	NaN	NaN	NaN	278.0	5795
NaN	NaN	NaN	NaN	NaN	NaN	NaN	NaN	NaN	NaN	NaN	NaN	NaN	NaN	277.0	5325
NaN	NaN	NaN	NaN	NaN	NaN	NaN	NaN	NaN	NaN	NaN	NaN	NaN	NaN	276.0	5465
NaN	NaN	NaN	NaN	NaN	NaN	NaN	NaN	NaN	NaN	NaN	NaN	NaN	NaN	275.0	5475
NaN	NaN	NaN	NaN	NaN	NaN	NaN	NaN	NaN	NaN	NaN	NaN	NaN	NaN	274.0	5705
NaN	NaN	NaN	NaN	NaN	NaN	NaN	NaN	NaN	NaN	NaN	NaN	NaN	NaN	273.0	5425
NaN	NaN	NaN	NaN	NaN	NaN	NaN	NaN	NaN	NaN	NaN	NaN	NaN	NaN	272.0	5250
NaN	NaN	NaN	NaN	NaN	NaN	NaN	NaN	NaN	NaN	NaN	NaN	NaN	NaN	271.0	5250
NaN	NaN	NaN	NaN	NaN	NaN	NaN	NaN	NaN	NaN	NaN	NaN	NaN	NaN	270.0	5575
NaN	NaN	NaN	NaN	NaN	NaN	NaN	NaN	NaN	NaN	NaN	NaN	NaN	NaN	269.0	5570
NaN	NaN	NaN	NaN	NaN	NaN	NaN	NaN	NaN	NaN	NaN	NaN	NaN	NaN	268.0	5870
NaN	NaN	NaN	NaN	NaN	NaN	NaN	NaN	NaN	NaN	NaN	NaN	NaN	NaN	267.0	5740
NaN	NaN	NaN	NaN	NaN	NaN	NaN	NaN	NaN	NaN	NaN	NaN	NaN	NaN	266.0	5745
NaN	NaN	NaN	NaN	NaN	NaN	NaN	NaN	NaN	NaN	NaN	NaN	NaN	NaN	265.0	5605
NaN	NaN	NaN	NaN	NaN	NaN	NaN	NaN	NaN	NaN	NaN	NaN	NaN	NaN	264.0	5410
NaN	NaN	NaN	NaN	NaN	NaN	NaN	NaN	NaN	NaN	NaN	NaN	NaN	NaN	263.0	5325
NaN	NaN	NaN	NaN	NaN	NaN	NaN	NaN	NaN	NaN	NaN	NaN	NaN	NaN	262.0	5445
NaN	NaN	NaN	NaN	NaN	NaN	NaN	NaN	NaN	NaN	NaN	NaN	NaN	NaN	261.0	5400
NaN	NaN	NaN	NaN	NaN	NaN	NaN	NaN	NaN	NaN	NaN	NaN	NaN	NaN	260.0	5315
NaN	NaN	NaN	NaN	NaN	NaN	NaN	NaN	NaN	NaN	NaN	NaN	NaN	NaN	259.0	5250
NaN	NaN	NaN	NaN	NaN	NaN	NaN	NaN	NaN	NaN	NaN	NaN	NaN	NaN	258.0	5610
NaN	NaN	NaN	NaN	NaN	NaN	NaN	NaN	NaN	NaN	NaN	NaN	NaN	NaN	257.0	5765
NaN	NaN	NaN	NaN	NaN	NaN	NaN	NaN	NaN	NaN	NaN	NaN	NaN	NaN	256.0	5570
NaN	NaN	NaN	NaN	NaN	NaN	NaN	NaN	NaN	NaN	NaN	NaN	NaN	NaN	255.0	5330
NaN	NaN	NaN	NaN	NaN	NaN	NaN	NaN	NaN	NaN	NaN	NaN	NaN	NaN	254.0	5590
NaN	NaN	NaN	NaN	NaN	NaN	NaN	NaN	NaN	NaN	NaN	NaN	NaN	NaN	253.0	5605
NaN	NaN	NaN	NaN	NaN	NaN	NaN	NaN	NaN	NaN	NaN	NaN	NaN	NaN	252.0	5460
NaN	NaN	NaN	NaN	NaN	NaN	NaN	NaN	NaN	NaN	NaN	NaN	NaN	NaN	251.0	5415
NaN	NaN	NaN	NaN	NaN	NaN	NaN	NaN	NaN	NaN	NaN	NaN	NaN	NaN	250.0	5380
NaN	NaN	NaN	NaN	NaN	NaN	NaN	NaN	NaN	NaN	NaN	NaN	NaN	NaN	249.0	5475
NaN	NaN	NaN	NaN	NaN	NaN	NaN	NaN	NaN	NaN	NaN	NaN	NaN	NaN	248.0	5310
NaN	NaN	NaN	NaN	NaN	NaN	NaN	NaN	NaN	NaN	NaN	NaN	NaN	NaN	247.0	5410
NaN	NaN	NaN	NaN	NaN	NaN	NaN	NaN	NaN	NaN	NaN	NaN	NaN	NaN	246.0	5380
NaN	NaN	NaN	NaN	NaN	NaN	NaN	NaN	NaN	NaN	NaN	NaN	NaN	NaN	245.0	5660
NaN	NaN	NaN	NaN	NaN	NaN	NaN	NaN	NaN	NaN	NaN	NaN	NaN	NaN	244.0	5555
NaN	NaN	NaN	NaN	NaN	NaN	NaN	NaN	NaN	NaN	NaN	NaN	NaN	NaN	243.0	5845
NaN	NaN	NaN	NaN	NaN	NaN	NaN	NaN	NaN	NaN	NaN	NaN	NaN	NaN	242.0	5450
NaN	NaN	NaN	NaN	NaN	NaN	NaN	NaN	NaN	NaN	NaN	NaN	NaN	NaN	241.0	5585
NaN	NaN	NaN	NaN	NaN	NaN	NaN	NaN	NaN	NaN	NaN	NaN	NaN	NaN	240.0	5430
NaN	NaN	NaN	NaN	NaN	NaN	NaN	NaN	NaN	NaN	NaN	NaN	NaN	NaN	239.0	5500
NaN	NaN	NaN	NaN	NaN	NaN	NaN	NaN	NaN	NaN	NaN	NaN	NaN	NaN	238.0	5430
NaN	NaN	NaN	NaN	NaN	NaN	NaN	NaN	NaN	NaN	NaN	NaN	NaN	NaN	237.0	5605
NaN	NaN	NaN	NaN	NaN	NaN	NaN	NaN	NaN	NaN	NaN	NaN	NaN	NaN	236.0	5700
NaN	NaN	NaN	NaN	NaN	NaN	NaN	NaN	NaN	NaN	NaN	NaN	NaN	NaN	235.0	5660
NaN	NaN	NaN	NaN	NaN	NaN	NaN	NaN	NaN	NaN	NaN	NaN	NaN	NaN	234.0	5520
NaN	NaN	NaN	NaN	NaN	NaN	NaN	NaN	NaN	NaN	NaN	NaN	NaN	NaN	233.0	5655
NaN	NaN	NaN	NaN	NaN	NaN	NaN	NaN	NaN	NaN	NaN	NaN	NaN	NaN	232.0	5630
NaN	NaN	NaN	NaN	NaN	NaN	NaN	NaN	NaN	NaN	NaN	NaN	NaN	NaN	231.0	5565
NaN	NaN	NaN	NaN	NaN	NaN	NaN	NaN	NaN	NaN	NaN	NaN	NaN	NaN	230.0	5375
NaN	NaN	NaN	NaN	NaN	NaN	NaN	NaN	NaN	NaN	NaN	NaN	NaN	NaN	229.0	5735
NaN	NaN	NaN	NaN	NaN	NaN	NaN	NaN	NaN	NaN	NaN	NaN	NaN	NaN	228.0	5510
NaN	NaN	NaN	NaN	NaN	NaN	NaN	NaN	NaN	NaN	NaN	NaN	NaN	NaN	227.0	5545
NaN	NaN	NaN	NaN	NaN	NaN	NaN	NaN	NaN	NaN	NaN	NaN	NaN	NaN	226.0	5770
NaN	NaN	NaN	NaN	NaN	NaN	NaN	NaN	NaN	NaN	NaN	NaN	NaN	NaN	225.0	5605
NaN	NaN	NaN	NaN	NaN	NaN	NaN	NaN	NaN	NaN	NaN	NaN	NaN	NaN	224.0	5875
NaN	NaN	NaN	NaN	NaN	NaN	NaN	NaN	NaN	NaN	NaN	NaN	NaN	NaN	223.0	5740
NaN	NaN	NaN	NaN	NaN	NaN	NaN	NaN	NaN	NaN	NaN	NaN	NaN	NaN	222.0	5580
NaN	NaN	NaN	NaN	NaN	NaN	NaN	NaN	NaN	NaN	NaN	NaN	NaN	NaN	221.0	5610
NaN	NaN	NaN	NaN	NaN	NaN	NaN	NaN	NaN	NaN	NaN	NaN	NaN	NaN	220.0	5795
NaN	NaN	NaN	NaN	NaN	NaN	NaN	NaN	NaN	NaN	NaN	NaN	NaN	NaN	219.0	5540
NaN	NaN	NaN	NaN	NaN	NaN	NaN	NaN	NaN	NaN	NaN	NaN	NaN	NaN	218.0	5665
NaN	NaN	NaN	NaN	NaN	NaN	NaN	NaN	NaN	NaN	NaN	NaN	NaN	NaN	217.0	5640
NaN	NaN	NaN	NaN	NaN	NaN	NaN	NaN	NaN	NaN	NaN	NaN	NaN	NaN	216.0	5710
NaN	NaN	NaN	NaN	NaN	NaN	NaN	NaN	NaN	NaN	NaN	NaN	NaN	NaN	215.0	5595
NaN	NaN	NaN	NaN	NaN	NaN	NaN	NaN	NaN	NaN	NaN	NaN	NaN	NaN	214.0	5860
NaN	NaN	NaN	NaN	NaN	NaN	NaN	NaN	NaN	NaN	NaN	NaN	NaN	NaN	213.0	5680
NaN	NaN	NaN	NaN	NaN	NaN	NaN	NaN	NaN	NaN	NaN	NaN	NaN	NaN	212.0	5920
NaN	NaN	NaN	NaN	NaN	NaN	NaN	NaN	NaN	NaN	NaN	NaN	NaN	NaN	211.0	5650
NaN	NaN	NaN	NaN	NaN	NaN	NaN	NaN	NaN	NaN	NaN	NaN	NaN	NaN	210.0	5785
NaN	NaN	NaN	NaN	NaN	NaN	NaN	NaN	NaN	NaN	NaN	NaN	NaN	NaN	209.0	5610
NaN	NaN	NaN	NaN	NaN	NaN	NaN	NaN	NaN	NaN	NaN	NaN	NaN	NaN	208.0	5720
NaN	NaN	NaN	NaN	NaN	NaN	NaN	NaN	NaN	NaN	NaN	NaN	NaN	NaN	207.0	6070
NaN	NaN	NaN	NaN	NaN	NaN	NaN	NaN	NaN	NaN	NaN	NaN	NaN	NaN	206.0	5780
NaN	NaN	NaN	NaN	NaN	NaN	NaN	NaN	NaN	NaN	NaN	NaN	NaN	NaN	205.0	6210
NaN	NaN	NaN	NaN	NaN	NaN	NaN	NaN	NaN	NaN	NaN	NaN	NaN	NaN	204.0	5945
NaN	NaN	NaN	NaN	NaN	NaN	NaN	NaN	NaN	NaN	NaN	NaN	NaN	NaN	203.0	5610
NaN	NaN	NaN	NaN	NaN	NaN	NaN	NaN	NaN	NaN	NaN	NaN	NaN	NaN	202.0	6045
NaN	NaN	NaN	NaN	NaN	NaN	NaN	NaN	NaN	NaN	NaN	NaN	NaN	NaN	201.0	6080
NaN	NaN	NaN	NaN	NaN	NaN	NaN	NaN	NaN	NaN	NaN	NaN	NaN	NaN	200.0	5750
NaN	NaN	NaN	NaN	NaN	NaN	NaN	NaN	NaN	NaN	NaN	NaN	NaN	NaN	199.0	5910
NaN	NaN	NaN	NaN	NaN	NaN	NaN	NaN	NaN	NaN	NaN	NaN	NaN	NaN	198.0	6070
NaN	NaN	NaN	NaN	NaN	NaN	NaN	NaN	NaN	NaN	NaN	NaN	NaN	NaN	197.0	5920
NaN	NaN	NaN	NaN	NaN	NaN	NaN	NaN	NaN	NaN	NaN	NaN	NaN	NaN	196.0	6350
NaN	NaN	NaN	NaN	NaN	NaN	NaN	NaN	NaN	NaN	NaN	NaN	NaN	NaN	195.0	5780
NaN	NaN	NaN	NaN	NaN	NaN	NaN	NaN	NaN	NaN	NaN	NaN	NaN	NaN	194.0	5590
NaN	NaN	NaN	NaN	NaN	NaN	NaN	NaN	NaN	NaN	NaN	NaN	NaN	NaN	193.0	6465
NaN	NaN	NaN	NaN	NaN	NaN	NaN	NaN	NaN	NaN	NaN	NaN	NaN	NaN	192.0	6125
NaN	NaN	NaN	NaN	NaN	NaN	NaN	NaN	NaN	NaN	NaN	NaN	NaN	NaN	191.0	6015
NaN	NaN	NaN	NaN	NaN	NaN	NaN	NaN	NaN	NaN	NaN	NaN	NaN	NaN	190.0	5760
NaN	NaN	NaN	NaN	NaN	NaN	NaN	NaN	NaN	NaN	NaN	NaN	NaN	NaN	189.0	5765
NaN	NaN	NaN	NaN	NaN	NaN	NaN	NaN	NaN	NaN	NaN	NaN	NaN	NaN	188.0	6170
NaN	NaN	NaN	NaN	NaN	NaN	NaN	NaN	NaN	NaN	NaN	NaN	NaN	NaN	187.0	6155
NaN	NaN	NaN	NaN	NaN	NaN	NaN	NaN	NaN	NaN	NaN	NaN	NaN	NaN	186.0	5825
NaN	NaN	NaN	NaN	NaN	NaN	NaN	NaN	NaN	NaN	NaN	NaN	NaN	NaN	185.0	6080
NaN	NaN	NaN	NaN	NaN	NaN	NaN	NaN	NaN	NaN	NaN	NaN	NaN	NaN	184.0	6410
NaN	NaN	NaN	NaN	NaN	NaN	NaN	NaN	NaN	NaN	NaN	NaN	NaN	NaN	183.0	5800
NaN	NaN	NaN	NaN	NaN	NaN	NaN	NaN	NaN	NaN	NaN	NaN	NaN	NaN	182.0	6060
NaN	NaN	NaN	NaN	NaN	NaN	NaN	NaN	NaN	NaN	NaN	NaN	NaN	NaN	181.0	6170
NaN	NaN	NaN	NaN	NaN	NaN	NaN	NaN	NaN	NaN	NaN	NaN	NaN	NaN	180.0	6315
NaN	NaN	NaN	NaN	NaN	NaN	NaN	NaN	NaN	NaN	NaN	NaN	NaN	NaN	179.0	6005
NaN	NaN	NaN	NaN	NaN	NaN	NaN	NaN	NaN	NaN	NaN	NaN	NaN	NaN	178.0	6270
NaN	NaN	NaN	NaN	NaN	NaN	NaN	NaN	NaN	NaN	NaN	NaN	NaN	NaN	177.0	6340
NaN	NaN	NaN	NaN	NaN	NaN	NaN	NaN	NaN	NaN	NaN	NaN	NaN	NaN	176.0	5980
NaN	NaN	NaN	NaN	NaN	NaN	NaN	NaN	NaN	NaN	NaN	NaN	NaN	NaN	175.0	6085
NaN	NaN	NaN	NaN	NaN	NaN	NaN	NaN	NaN	NaN	NaN	NaN	NaN	NaN	174.0	6225
NaN	NaN	NaN	NaN	NaN	NaN	NaN	NaN	NaN	NaN	NaN	NaN	NaN	NaN	173.0	6700
NaN	NaN	NaN	NaN	NaN	NaN	NaN	NaN	NaN	NaN	NaN	NaN	NaN	NaN	172.0	6405
NaN	NaN	NaN	NaN	NaN	NaN	NaN	NaN	NaN	NaN	NaN	NaN	NaN	NaN	171.0	5995
NaN	NaN	NaN	NaN	NaN	NaN	NaN	NaN	NaN	NaN	NaN	NaN	NaN	NaN	170.0	6410
NaN	NaN	NaN	NaN	NaN	NaN	NaN	NaN	NaN	NaN	NaN	NaN	NaN	NaN	169.0	6340
NaN	NaN	NaN	NaN	NaN	NaN	NaN	NaN	NaN	NaN	NaN	NaN	NaN	NaN	168.0	6030
NaN	NaN	NaN	NaN	NaN	NaN	NaN	NaN	NaN	NaN	NaN	NaN	NaN	NaN	167.0	5980
NaN	NaN	NaN	NaN	NaN	NaN	NaN	NaN	NaN	NaN	NaN	NaN	NaN	NaN	166.0	6515
NaN	NaN	NaN	NaN	NaN	NaN	NaN	NaN	NaN	NaN	NaN	NaN	NaN	NaN	165.0	6150
NaN	NaN	NaN	NaN	NaN	NaN	NaN	NaN	NaN	NaN	NaN	NaN	NaN	NaN	164.0	6325
NaN	NaN	NaN	NaN	NaN	NaN	NaN	NaN	NaN	NaN	NaN	NaN	NaN	NaN	163.0	6400
NaN	NaN	NaN	NaN	NaN	NaN	NaN	NaN	NaN	NaN	NaN	NaN	NaN	NaN	162.0	6470
NaN	NaN	NaN	NaN	NaN	NaN	NaN	NaN	NaN	NaN	NaN	NaN	NaN	NaN	161.0	6590
NaN	NaN	NaN	NaN	NaN	NaN	NaN	NaN	NaN	NaN	NaN	NaN	NaN	NaN	160.0	6250
NaN	NaN	NaN	NaN	NaN	NaN	NaN	NaN	NaN	NaN	NaN	NaN	NaN	NaN	159.0	6165
NaN	NaN	NaN	NaN	NaN	NaN	NaN	NaN	NaN	NaN	NaN	NaN	NaN	NaN	158.0	6450
NaN	NaN	NaN	NaN	NaN	NaN	NaN	NaN	NaN	NaN	NaN	NaN	NaN	NaN	157.0	6115
NaN	NaN	NaN	NaN	NaN	NaN	NaN	NaN	NaN	NaN	NaN	NaN	NaN	NaN	156.0	6810
NaN	NaN	NaN	NaN	NaN	NaN	NaN	NaN	NaN	NaN	NaN	NaN	NaN	NaN	155.0	6405
NaN	NaN	NaN	NaN	NaN	NaN	NaN	NaN	NaN	NaN	NaN	NaN	NaN	NaN	154.0	6270
NaN	NaN	NaN	NaN	NaN	NaN	NaN	NaN	NaN	NaN	NaN	NaN	NaN	NaN	153.0	6500
NaN	NaN	NaN	NaN	NaN	NaN	NaN	NaN	NaN	NaN	NaN	NaN	NaN	NaN	152.0	6580
NaN	NaN	NaN	NaN	NaN	NaN	NaN	NaN	NaN	NaN	NaN	NaN	NaN	NaN	151.0	6130
NaN	NaN	NaN	NaN	NaN	NaN	NaN	NaN	NaN	NaN	NaN	NaN	NaN	NaN	150.0	6650
NaN	NaN	NaN	NaN	NaN	NaN	NaN	NaN	NaN	NaN	NaN	NaN	NaN	NaN	149.0	6535
NaN	NaN	NaN	NaN	NaN	NaN	NaN	NaN	NaN	NaN	NaN	NaN	NaN	NaN	148.0	6375
NaN	NaN	NaN	NaN	NaN	NaN	NaN	NaN	NaN	NaN	NaN	NaN	NaN	NaN	147.0	6575
NaN	NaN	NaN	NaN	NaN	NaN	NaN	NaN	NaN	NaN	NaN	NaN	NaN	NaN	146.0	6405
NaN	NaN	NaN	NaN	NaN	NaN	NaN	NaN	NaN	NaN	NaN	NaN	NaN	NaN	145.0	6465
NaN	NaN	NaN	NaN	NaN	NaN	NaN	NaN	NaN	NaN	NaN	NaN	NaN	NaN	144.0	6800
NaN	NaN	NaN	NaN	NaN	NaN	NaN	NaN	NaN	NaN	NaN	NaN	NaN	NaN	143.0	6710
NaN	NaN	NaN	NaN	NaN	NaN	NaN	NaN	NaN	NaN	NaN	NaN	NaN	NaN	142.0	6585
NaN	NaN	NaN	NaN	NaN	NaN	NaN	NaN	NaN	NaN	NaN	NaN	NaN	NaN	141.0	6465
NaN	NaN	NaN	NaN	NaN	NaN	NaN	NaN	NaN	NaN	NaN	NaN	NaN	NaN	140.0	6665
NaN	NaN	NaN	NaN	NaN	NaN	NaN	NaN	NaN	NaN	NaN	NaN	NaN	NaN	139.0	6745
NaN	NaN	NaN	NaN	NaN	NaN	NaN	NaN	NaN	NaN	NaN	NaN	NaN	NaN	138.0	6865
NaN	NaN	NaN	NaN	NaN	NaN	NaN	NaN	NaN	NaN	NaN	NaN	NaN	NaN	137.0	6725
NaN	NaN	NaN	NaN	NaN	NaN	NaN	NaN	NaN	NaN	NaN	NaN	NaN	NaN	136.0	6860
NaN	NaN	NaN	NaN	NaN	NaN	NaN	NaN	NaN	NaN	NaN	NaN	NaN	NaN	135.0	6590
NaN	NaN	NaN	NaN	NaN	NaN	NaN	NaN	NaN	NaN	NaN	NaN	NaN	NaN	134.0	6765
NaN	NaN	NaN	NaN	NaN	NaN	NaN	NaN	NaN	NaN	NaN	NaN	NaN	NaN	133.0	7070
NaN	NaN	NaN	NaN	NaN	NaN	NaN	NaN	NaN	NaN	NaN	NaN	NaN	NaN	132.0	7055
NaN	NaN	NaN	NaN	NaN	NaN	NaN	NaN	NaN	NaN	NaN	NaN	NaN	NaN	131.0	7170
NaN	NaN	NaN	NaN	NaN	NaN	NaN	NaN	NaN	NaN	NaN	NaN	NaN	NaN	130.0	6610
NaN	NaN	NaN	NaN	NaN	NaN	NaN	NaN	NaN	NaN	NaN	NaN	NaN	NaN	129.0	6665
NaN	NaN	NaN	NaN	NaN	NaN	NaN	NaN	NaN	NaN	NaN	NaN	NaN	NaN	128.0	7050
NaN	NaN	NaN	NaN	NaN	NaN	NaN	NaN	NaN	NaN	NaN	NaN	NaN	NaN	127.0	6985
NaN	NaN	NaN	NaN	NaN	NaN	NaN	NaN	NaN	NaN	NaN	NaN	NaN	NaN	126.0	7280
NaN	NaN	NaN	NaN	NaN	NaN	NaN	NaN	NaN	NaN	NaN	NaN	NaN	NaN	125.0	7040
NaN	NaN	NaN	NaN	NaN	NaN	NaN	NaN	NaN	NaN	NaN	NaN	NaN	NaN	124.0	6710
NaN	NaN	NaN	NaN	NaN	NaN	NaN	NaN	NaN	NaN	NaN	NaN	NaN	NaN	123.0	7285
NaN	NaN	NaN	NaN	NaN	NaN	NaN	NaN	NaN	NaN	NaN	NaN	NaN	NaN	122.0	7195
NaN	NaN	NaN	NaN	NaN	NaN	NaN	NaN	NaN	NaN	NaN	NaN	NaN	NaN	121.0	7085
NaN	NaN	NaN	NaN	NaN	NaN	NaN	NaN	NaN	NaN	NaN	NaN	NaN	NaN	120.0	7375
NaN	NaN	NaN	NaN	NaN	NaN	NaN	NaN	NaN	NaN	NaN	NaN	NaN	NaN	119.0	7510
NaN	NaN	NaN	NaN	NaN	NaN	NaN	NaN	NaN	NaN	NaN	NaN	NaN	NaN	118.0	7250
NaN	NaN	NaN	NaN	NaN	NaN	NaN	NaN	NaN	NaN	NaN	NaN	NaN	NaN	117.0	7420
NaN	NaN	NaN	NaN	NaN	NaN	NaN	NaN	NaN	NaN	NaN	NaN	NaN	NaN	116.0	7540
NaN	NaN	NaN	NaN	NaN	NaN	NaN	NaN	NaN	NaN	NaN	NaN	NaN	NaN	115.0	7490
NaN	NaN	NaN	NaN	NaN	NaN	NaN	NaN	NaN	NaN	NaN	NaN	NaN	NaN	114.0	7545
NaN	NaN	NaN	NaN	NaN	NaN	NaN	NaN	NaN	NaN	NaN	NaN	NaN	NaN	113.0	7510
NaN	NaN	NaN	NaN	NaN	NaN	NaN	NaN	NaN	NaN	NaN	NaN	NaN	NaN	112.0	7535
NaN	NaN	NaN	NaN	NaN	NaN	NaN	NaN	NaN	NaN	NaN	NaN	NaN	NaN	111.0	7605
NaN	NaN	NaN	NaN	NaN	NaN	NaN	NaN	NaN	NaN	NaN	NaN	NaN	NaN	110.0	7855
NaN	NaN	NaN	NaN	NaN	NaN	NaN	NaN	NaN	NaN	NaN	NaN	NaN	NaN	109.0	7510
NaN	NaN	NaN	NaN	NaN	NaN	NaN	NaN	NaN	NaN	NaN	NaN	NaN	NaN	108.0	7515
NaN	NaN	NaN	NaN	NaN	NaN	NaN	NaN	NaN	NaN	NaN	NaN	NaN	NaN	107.0	7250
NaN	NaN	NaN	NaN	NaN	NaN	NaN	NaN	NaN	NaN	NaN	NaN	NaN	NaN	106.0	7360
NaN	NaN	NaN	NaN	NaN	NaN	NaN	NaN	NaN	NaN	NaN	NaN	NaN	NaN	105.0	7225
NaN	NaN	NaN	NaN	NaN	NaN	NaN	NaN	NaN	NaN	NaN	NaN	NaN	NaN	104.0	7055
NaN	NaN	NaN	NaN	NaN	NaN	NaN	NaN	NaN	NaN	NaN	NaN	NaN	NaN	103.0	7385
NaN	NaN	NaN	NaN	NaN	NaN	NaN	NaN	NaN	NaN	NaN	NaN	NaN	NaN	102.0	7205
NaN	NaN	NaN	NaN	NaN	NaN	NaN	NaN	NaN	NaN	NaN	NaN	NaN	NaN	101.0	7200
NaN	NaN	NaN	NaN	NaN	NaN	NaN	NaN	NaN	NaN	NaN	NaN	NaN	NaN	100.0	7150
NaN	NaN	NaN	NaN	NaN	NaN	NaN	NaN	NaN	NaN	NaN	NaN	NaN	NaN	99.0	6810
NaN	NaN	NaN	NaN	NaN	NaN	NaN	NaN	NaN	NaN	NaN	NaN	NaN	NaN	98.0	7190
NaN	NaN	NaN	NaN	NaN	NaN	NaN	NaN	NaN	NaN	NaN	NaN	NaN	NaN	97.0	6995
NaN	NaN	NaN	NaN	NaN	NaN	NaN	NaN	NaN	NaN	NaN	NaN	NaN	NaN	96.0	6645
NaN	NaN	NaN	NaN	NaN	NaN	NaN	NaN	NaN	NaN	NaN	NaN	NaN	NaN	95.0	7210
NaN	NaN	NaN	NaN	NaN	NaN	NaN	NaN	NaN	NaN	NaN	NaN	NaN	NaN	94.0	6970
NaN	NaN	NaN	NaN	NaN	NaN	NaN	NaN	NaN	NaN	NaN	NaN	NaN	NaN	93.0	7000
NaN	NaN	NaN	NaN	NaN	NaN	NaN	NaN	NaN	NaN	NaN	NaN	NaN	NaN	92.0	6730
NaN	NaN	NaN	NaN	NaN	NaN	NaN	NaN	NaN	NaN	NaN	NaN	NaN	NaN	91.0	7580
NaN	NaN	NaN	NaN	NaN	NaN	NaN	NaN	NaN	NaN	NaN	NaN	NaN	NaN	90.0	8685
NaN	NaN	NaN	NaN	NaN	NaN	NaN	NaN	NaN	NaN	NaN	NaN	NaN	NaN	89.0	15605
NaN	NaN	NaN	NaN	NaN	NaN	NaN	NaN	NaN	NaN	NaN	NaN	NaN	NaN	88.0	23630
NaN	NaN	NaN	NaN	NaN	NaN	NaN	NaN	NaN	NaN	NaN	NaN	NaN	NaN	87.0	17940
NaN	NaN	NaN	NaN	NaN	NaN	NaN	NaN	NaN	NaN	NaN	NaN	NaN	NaN	86.0	11455
NaN	NaN	NaN	NaN	NaN	NaN	NaN	NaN	NaN	NaN	NaN	NaN	NaN	NaN	85.0	21610
NaN	NaN	NaN	NaN	NaN	NaN	NaN	NaN	NaN	NaN	NaN	NaN	NaN	NaN	84.0	26005
NaN	NaN	NaN	NaN	NaN	NaN	NaN	NaN	NaN	NaN	NaN	NaN	NaN	NaN	83.0	13720
NaN	NaN	NaN	NaN	NaN	NaN	NaN	NaN	NaN	NaN	NaN	NaN	NaN	NaN	82.0	5895
NaN	NaN	NaN	NaN	NaN	NaN	NaN	NaN	NaN	NaN	NaN	NaN	NaN	NaN	81.0	4445
NaN	NaN	NaN	NaN	NaN	NaN	NaN	NaN	NaN	NaN	NaN	NaN	NaN	NaN	80.0	4640
NaN	NaN	NaN	NaN	NaN	NaN	NaN	NaN	NaN	NaN	NaN	NaN	NaN	NaN	79.0	4575
NaN	NaN	NaN	NaN	NaN	NaN	NaN	NaN	NaN	NaN	NaN	NaN	NaN	NaN	78.0	5070
NaN	NaN	NaN	NaN	NaN	NaN	NaN	NaN	NaN	NaN	NaN	NaN	NaN	NaN	77.0	4585
NaN	NaN	NaN	NaN	NaN	NaN	NaN	NaN	NaN	NaN	NaN	NaN	NaN	NaN	76.0	4525
NaN	NaN	NaN	NaN	NaN	NaN	NaN	NaN	NaN	NaN	NaN	NaN	NaN	NaN	75.0	5165
NaN	NaN	NaN	NaN	NaN	NaN	NaN	NaN	NaN	NaN	NaN	NaN	NaN	NaN	74.0	5395
NaN	NaN	NaN	NaN	NaN	NaN	NaN	NaN	NaN	NaN	NaN	NaN	NaN	NaN	73.0	4510
NaN	NaN	NaN	NaN	NaN	NaN	NaN	NaN	NaN	NaN	NaN	NaN	NaN	NaN	72.0	4200
NaN	NaN	NaN	NaN	NaN	NaN	NaN	NaN	NaN	NaN	NaN	NaN	NaN	NaN	71.0	3600
NaN	NaN	NaN	NaN	NaN	NaN	NaN	NaN	NaN	NaN	NaN	NaN	NaN	NaN	70.0	3525
NaN	NaN	NaN	NaN	NaN	NaN	NaN	NaN	NaN	NaN	NaN	NaN	NaN	NaN	69.0	2950
NaN	NaN	NaN	NaN	NaN	NaN	NaN	NaN	NaN	NaN	NaN	NaN	NaN	NaN	68.0	2845
NaN	NaN	NaN	NaN	NaN	NaN	NaN	NaN	NaN	NaN	NaN	NaN	NaN	NaN	67.0	3195
NaN	NaN	NaN	NaN	NaN	NaN	NaN	NaN	NaN	NaN	NaN	NaN	NaN	NaN	66.0	3030
NaN	NaN	NaN	NaN	NaN	NaN	NaN	NaN	NaN	NaN	NaN	NaN	NaN	NaN	65.0	3140
NaN	NaN	NaN	NaN	NaN	NaN	NaN	NaN	NaN	NaN	NaN	NaN	NaN	NaN	64.0	3345
NaN	NaN	NaN	NaN	NaN	NaN	NaN	NaN	NaN	NaN	NaN	NaN	NaN	NaN	63.0	3205
NaN	NaN	NaN	NaN	NaN	NaN	NaN	NaN	NaN	NaN	NaN	NaN	NaN	NaN	62.0	3135
NaN	NaN	NaN	NaN	NaN	NaN	NaN	NaN	NaN	NaN	NaN	NaN	NaN	NaN	61.0	3240
NaN	NaN	NaN	NaN	NaN	NaN	NaN	NaN	NaN	NaN	NaN	NaN	NaN	NaN	60.0	3500
NaN	NaN	NaN	NaN	NaN	NaN	NaN	NaN	NaN	NaN	NaN	NaN	NaN	NaN	59.0	3400
NaN	NaN	NaN	NaN	NaN	NaN	NaN	NaN	NaN	NaN	NaN	NaN	NaN	NaN	58.0	3580
NaN	NaN	NaN	NaN	NaN	NaN	NaN	NaN	NaN	NaN	NaN	NaN	NaN	NaN	57.0	3485
NaN	NaN	NaN	NaN	NaN	NaN	NaN	NaN	NaN	NaN	NaN	NaN	NaN	NaN	56.0	3320
NaN	NaN	NaN	NaN	NaN	NaN	NaN	NaN	NaN	NaN	NaN	NaN	NaN	NaN	55.0	3295
NaN	NaN	NaN	NaN	NaN	NaN	NaN	NaN	NaN	NaN	NaN	NaN	NaN	NaN	54.0	3250
NaN	NaN	NaN	NaN	NaN	NaN	NaN	NaN	NaN	NaN	NaN	NaN	NaN	NaN	53.0	3055
NaN	NaN	NaN	NaN	NaN	NaN	NaN	NaN	NaN	NaN	NaN	NaN	NaN	NaN	52.0	3055
NaN	NaN	NaN	NaN	NaN	NaN	NaN	NaN	NaN	NaN	NaN	NaN	NaN	NaN	51.0	2860
NaN	NaN	NaN	NaN	NaN	NaN	NaN	NaN	NaN	NaN	NaN	NaN	NaN	NaN	50.0	2920
NaN	NaN	NaN	NaN	NaN	NaN	NaN	NaN	NaN	NaN	NaN	NaN	NaN	NaN	49.0	2805
NaN	NaN	NaN	NaN	NaN	NaN	NaN	NaN	NaN	NaN	NaN	NaN	NaN	NaN	48.0	2735
NaN	NaN	NaN	NaN	NaN	NaN	NaN	NaN	NaN	NaN	NaN	NaN	NaN	NaN	47.0	2705
NaN	NaN	NaN	NaN	NaN	NaN	NaN	NaN	NaN	NaN	NaN	NaN	NaN	NaN	46.0	2625
NaN	NaN	NaN	NaN	NaN	NaN	NaN	NaN	NaN	NaN	NaN	NaN	NaN	NaN	45.0	2625
NaN	NaN	NaN	NaN	NaN	NaN	NaN	NaN	NaN	NaN	NaN	NaN	NaN	NaN	44.0	2770
NaN	NaN	NaN	NaN	NaN	NaN	NaN	NaN	NaN	NaN	NaN	NaN	NaN	NaN	43.0	2625
NaN	NaN	NaN	NaN	NaN	NaN	NaN	NaN	NaN	NaN	NaN	NaN	NaN	NaN	42.0	2790
NaN	NaN	NaN	NaN	NaN	NaN	NaN	NaN	NaN	NaN	NaN	NaN	NaN	NaN	41.0	2505
NaN	NaN	NaN	NaN	NaN	NaN	NaN	NaN	NaN	NaN	NaN	NaN	NaN	NaN	40.0	2625
NaN	NaN	NaN	NaN	NaN	NaN	NaN	NaN	NaN	NaN	NaN	NaN	NaN	NaN	39.0	2620
NaN	NaN	NaN	NaN	NaN	NaN	NaN	NaN	NaN	NaN	NaN	NaN	NaN	NaN	38.0	2445
NaN	NaN	NaN	NaN	NaN	NaN	NaN	NaN	NaN	NaN	NaN	NaN	NaN	NaN	37.0	2765
NaN	NaN	NaN	NaN	NaN	NaN	NaN	NaN	NaN	NaN	NaN	NaN	NaN	NaN	36.0	2555
NaN	NaN	NaN	NaN	NaN	NaN	NaN	NaN	NaN	NaN	NaN	NaN	NaN	NaN	35.0	2495
NaN	NaN	NaN	NaN	NaN	NaN	NaN	NaN	NaN	NaN	NaN	NaN	NaN	NaN	34.0	2540
NaN	NaN	NaN	NaN	NaN	NaN	NaN	NaN	NaN	NaN	NaN	NaN	NaN	NaN	33.0	2620
NaN	NaN	NaN	NaN	NaN	NaN	NaN	NaN	NaN	NaN	NaN	NaN	NaN	NaN	32.0	2495
NaN	NaN	NaN	NaN	NaN	NaN	NaN	NaN	NaN	NaN	NaN	NaN	NaN	NaN	31.0	2730
NaN	NaN	NaN	NaN	NaN	NaN	NaN	NaN	NaN	NaN	NaN	NaN	NaN	NaN	30.0	2620
NaN	NaN	NaN	NaN	NaN	NaN	NaN	NaN	NaN	NaN	NaN	NaN	NaN	NaN	29.0	2670
NaN	NaN	NaN	NaN	NaN	NaN	NaN	NaN	NaN	NaN	NaN	NaN	NaN	NaN	28.0	2655
NaN	NaN	NaN	NaN	NaN	NaN	NaN	NaN	NaN	NaN	NaN	NaN	NaN	NaN	27.0	2550
NaN	NaN	NaN	NaN	NaN	NaN	NaN	NaN	NaN	NaN	NaN	NaN	NaN	NaN	26.0	2270
NaN	NaN	NaN	NaN	NaN	NaN	NaN	NaN	NaN	NaN	NaN	NaN	NaN	NaN	25.0	2650
NaN	NaN	NaN	NaN	NaN	NaN	NaN	NaN	NaN	NaN	NaN	NaN	NaN	NaN	24.0	2530
NaN	NaN	NaN	NaN	NaN	NaN	NaN	NaN	NaN	NaN	NaN	NaN	NaN	NaN	23.0	2405
NaN	NaN	NaN	NaN	NaN	NaN	NaN	NaN	NaN	NaN	NaN	NaN	NaN	NaN	22.0	2630
NaN	NaN	NaN	NaN	NaN	NaN	NaN	NaN	NaN	NaN	NaN	NaN	NaN	NaN	21.0	2630
NaN	NaN	NaN	NaN	NaN	NaN	NaN	NaN	NaN	NaN	NaN	NaN	NaN	NaN	20.0	2835
NaN	NaN	NaN	NaN	NaN	NaN	NaN	NaN	NaN	NaN	NaN	NaN	NaN	NaN	19.0	2715
NaN	NaN	NaN	NaN	NaN	NaN	NaN	NaN	NaN	NaN	NaN	NaN	NaN	NaN	18.0	2755
NaN	NaN	NaN	NaN	NaN	NaN	NaN	NaN	NaN	NaN	NaN	NaN	NaN	NaN	17.0	2860
NaN	NaN	NaN	NaN	NaN	NaN	NaN	NaN	NaN	NaN	NaN	NaN	NaN	NaN	16.0	2685
NaN	NaN	NaN	NaN	NaN	NaN	NaN	NaN	NaN	NaN	NaN	NaN	NaN	NaN	15.0	2670
NaN	NaN	NaN	NaN	NaN	NaN	NaN	NaN	NaN	NaN	NaN	NaN	NaN	NaN	14.0	2580
NaN	NaN	NaN	NaN	NaN	NaN	NaN	NaN	NaN	NaN	NaN	NaN	NaN	NaN	13.0	2825
NaN	NaN	NaN	NaN	NaN	NaN	NaN	NaN	NaN	NaN	NaN	NaN	NaN	NaN	12.0	2640
NaN	NaN	NaN	NaN	NaN	NaN	NaN	NaN	NaN	NaN	NaN	NaN	NaN	NaN	11.0	2590
NaN	NaN	NaN	NaN	NaN	NaN	NaN	NaN	NaN	NaN	NaN	NaN	NaN	NaN	10.0	2500
NaN	NaN	NaN	NaN	NaN	NaN	NaN	NaN	NaN	NaN	NaN	NaN	NaN	NaN	9.0	2860
NaN	NaN	NaN	NaN	NaN	NaN	NaN	NaN	NaN	NaN	NaN	NaN	NaN	NaN	8.0	3320
NaN	NaN	NaN	NaN	NaN	NaN	NaN	NaN	NaN	NaN	NaN	NaN	NaN	NaN	7.0	4010
NaN	NaN	NaN	NaN	NaN	NaN	NaN	NaN	NaN	NaN	NaN	NaN	NaN	NaN	6.0	4250
NaN	NaN	NaN	NaN	NaN	NaN	NaN	NaN	NaN	NaN	NaN	NaN	NaN	NaN	5.0	4315
NaN	NaN	NaN	NaN	NaN	NaN	NaN	NaN	NaN	NaN	NaN	NaN	NaN	NaN	4.0	4485
NaN	NaN	NaN	NaN	NaN	NaN	NaN	NaN	NaN	NaN	NaN	NaN	NaN	NaN	3.0	4230
NaN	NaN	NaN	NaN	NaN	NaN	NaN	NaN	NaN	NaN	NaN	NaN	NaN	NaN	2.0	3330
NaN	NaN	NaN	NaN	NaN	NaN	NaN	NaN	NaN	NaN	NaN	NaN	NaN	NaN	1.0	2505
NaN	NaN	NaN	NaN	NaN	NaN	NaN	NaN	NaN	NaN	NaN	NaN	NaN	NaN	-2.2737368e-13	2180
NaN	NaN	NaN	NaN	NaN	NaN	NaN	NaN	NaN	NaN	NaN	NaN	NaN	NaN	-1.0	2045
NaN	NaN	NaN	NaN	NaN	NaN	NaN	NaN	NaN	NaN	NaN	NaN	NaN	NaN	-2.0	2245
NaN	NaN	NaN	NaN	NaN	NaN	NaN	NaN	NaN	NaN	NaN	NaN	NaN	NaN	-3.0	2215
NaN	NaN	NaN	NaN	NaN	NaN	NaN	NaN	NaN	NaN	NaN	NaN	NaN	NaN	-4.0	2135
